,Contig,Breadth,Depth avg,Depth median,readsGB,expected_value,expected_value_int,err,AE,RAE,std_res
0,NC_014328.1.region004,1.0,25.51092315346692,24.0,0.5,29.656314161435688,30.0,-5.656314161435688,5.656314161435688,0.190728832,-1.850550444358735
1,NZ_CP053893.1.region001,1.0,25.206252029126663,25.0,0.5,29.656314161435688,30.0,-4.656314161435688,4.656314161435688,0.1570092,-1.5233850162119669
2,NZ_LT906470.1.region001,1.0,26.80271902175977,26.0,0.5,29.656314161435688,30.0,-3.656314161435688,3.656314161435688,0.12328956799999999,-1.1962195880651987
3,NZ_CP053893.1.region004,1.0,27.139759159097867,25.0,0.5,29.656314161435688,30.0,-4.656314161435688,4.656314161435688,0.1570092,-1.5233850162119669
4,NZ_CP053893.1.region003,1.0,25.65347651269981,25.0,0.5,29.656314161435688,30.0,-4.656314161435688,4.656314161435688,0.1570092,-1.5233850162119669
5,NZ_CP053893.1.region002,1.0,141.74166918352964,27.0,0.5,29.656314161435688,30.0,-2.656314161435688,2.656314161435688,0.08956993599999999,-0.8690541599184304
6,NZ_CP053893.1.region005,1.0,24.56006965475469,24.0,0.5,29.656314161435688,30.0,-5.656314161435688,5.656314161435688,0.190728832,-1.850550444358735
7,NC_014328.1.region003,1.0,26.601580570547416,26.0,0.5,29.656314161435688,30.0,-3.656314161435688,3.656314161435688,0.12328956799999999,-1.1962195880651987
8,NZ_CP053893.1.region006,1.0,30.34763969171484,27.0,0.5,29.656314161435688,30.0,-2.656314161435688,2.656314161435688,0.08956993599999999,-0.8690541599184304
9,NC_014328.1.region001,1.0,25.3936205376818,25.0,0.5,29.656314161435688,30.0,-4.656314161435688,4.656314161435688,0.1570092,-1.5233850162119669
10,NC_014328.1.region005,1.0,28.406558288175628,25.0,0.5,29.656314161435688,30.0,-4.656314161435688,4.656314161435688,0.1570092,-1.5233850162119669
11,NZ_LT906470.1.region002,1.0,27.441823704438384,26.0,0.5,29.656314161435688,30.0,-3.656314161435688,3.656314161435688,0.12328956799999999,-1.1962195880651987
12,NZ_LT906470.1.region003,1.0,23.871687715269804,24.0,0.5,29.656314161435688,30.0,-5.656314161435688,5.656314161435688,0.190728832,-1.850550444358735
13,NC_014328.1.region002,1.0,24.85179349824064,25.0,0.5,29.656314161435688,30.0,-4.656314161435688,4.656314161435688,0.1570092,-1.5233850162119669
14,NZ_LT906445.1.region001,1.0,24.569981583793737,24.0,0.5,29.656314161435688,30.0,-5.656314161435688,5.656314161435688,0.190728832,-1.850550444358735
15,NZ_CP020566.1.region001,1.0,24.604944523732797,24.0,0.5,29.656314161435688,30.0,-5.656314161435688,5.656314161435688,0.190728832,-1.850550444358735
0,NC_014328.1.region004,1.0,47.8323307250441,45.0,0.9,53.38136549058424,53.0,-8.381365490584237,8.381365490584237,0.15700919999999996,-2.7420930291815395
1,NZ_CP053893.1.region001,1.0,44.89119243077779,45.0,0.9,53.38136549058424,53.0,-8.381365490584237,8.381365490584237,0.15700919999999996,-2.7420930291815395
2,NZ_LT906470.1.region001,1.0,48.00558234914366,46.0,0.9,53.38136549058424,53.0,-7.381365490584237,7.381365490584237,0.1382760711111111,-2.4149276010347713
3,NZ_CP053893.1.region004,1.0,50.19951015409736,46.0,0.9,53.38136549058424,53.0,-7.381365490584237,7.381365490584237,0.1382760711111111,-2.4149276010347713
4,NZ_CP053893.1.region003,1.0,46.97013827596352,46.0,0.9,53.38136549058424,53.0,-7.381365490584237,7.381365490584237,0.1382760711111111,-2.4149276010347713
5,NZ_CP053893.1.region002,1.0,258.2671901741669,48.0,0.9,53.38136549058424,53.0,-5.381365490584237,5.381365490584237,0.1008098133333333,-1.7605967447412352
6,NZ_CP053893.1.region005,1.0,45.02946698970321,45.0,0.9,53.38136549058424,53.0,-8.381365490584237,8.381365490584237,0.15700919999999996,-2.7420930291815395
7,NC_014328.1.region003,1.0,46.01127602158828,45.0,0.9,53.38136549058424,53.0,-8.381365490584237,8.381365490584237,0.15700919999999996,-2.7420930291815395
8,NZ_CP053893.1.region006,1.0,54.65698458574181,46.0,0.9,53.38136549058424,53.0,-7.381365490584237,7.381365490584237,0.1382760711111111,-2.4149276010347713
9,NC_014328.1.region001,1.0,45.22983693256941,45.0,0.9,53.38136549058424,53.0,-8.381365490584237,8.381365490584237,0.15700919999999996,-2.7420930291815395
10,NC_014328.1.region005,1.0,50.33592700662313,45.0,0.9,53.38136549058424,53.0,-8.381365490584237,8.381365490584237,0.15700919999999996,-2.7420930291815395
11,NZ_LT906470.1.region002,1.0,50.01456731961319,47.0,0.9,53.38136549058424,53.0,-6.381365490584237,6.381365490584237,0.11954294222222218,-2.087762172888003
12,NZ_LT906470.1.region003,1.0,44.53657864523536,44.0,0.9,53.38136549058424,53.0,-9.381365490584237,9.381365490584237,0.17574232888888885,-3.0692584573283077
13,NC_014328.1.region002,1.0,44.24053358542093,44.0,0.9,53.38136549058424,53.0,-9.381365490584237,9.381365490584237,0.17574232888888885,-3.0692584573283077
14,NZ_LT906445.1.region001,1.0,44.82951197053407,45.0,0.9,53.38136549058424,53.0,-8.381365490584237,8.381365490584237,0.15700919999999996,-2.7420930291815395
15,NZ_CP020566.1.region001,1.0,45.57202707057686,46.0,0.9,53.38136549058424,53.0,-7.381365490584237,7.381365490584237,0.1382760711111111,-2.4149276010347713
0,NC_014328.1.region004,0.4194219548600117,1.3825083575973256,1.0,0.01,0.5931262832287137,1.0,0.40687371677128625,0.40687371677128625,0.6859816000000001,0.13311501374914478
1,NZ_CP053893.1.region001,0.3554566114744214,1.3019311064718162,1.0,0.01,0.5931262832287137,1.0,0.40687371677128625,0.40687371677128625,0.6859816000000001,0.13311501374914478
2,NZ_LT906470.1.region001,0.3600425321839517,1.35523678936821,1.0,0.01,0.5931262832287137,1.0,0.40687371677128625,0.40687371677128625,0.6859816000000001,0.13311501374914478
3,NZ_CP053893.1.region004,0.4695887335442392,1.5653591220254266,1.0,0.01,0.5931262832287137,1.0,0.40687371677128625,0.40687371677128625,0.6859816000000001,0.13311501374914478
4,NZ_CP053893.1.region003,0.3468176914778856,1.3090626325463028,1.0,0.01,0.5931262832287137,1.0,0.40687371677128625,0.40687371677128625,0.6859816000000001,0.13311501374914478
5,NZ_CP053893.1.region002,0.543441055068962,4.62402741756206,2.0,0.01,0.5931262832287137,1.0,1.4068737167712864,1.4068737167712864,2.3719632,0.460280441895913
6,NZ_CP053893.1.region005,0.3930042398546335,1.385605301687601,1.0,0.01,0.5931262832287137,1.0,0.40687371677128625,0.40687371677128625,0.6859816000000001,0.13311501374914478
7,NC_014328.1.region003,0.3882999228989977,1.3966244725738397,1.0,0.01,0.5931262832287137,1.0,0.40687371677128625,0.40687371677128625,0.6859816000000001,0.13311501374914478
8,NZ_CP053893.1.region006,0.4347302504816955,1.364764542936288,1.0,0.01,0.5931262832287137,1.0,0.40687371677128625,0.40687371677128625,0.6859816000000001,0.13311501374914478
9,NC_014328.1.region001,0.5192265315116792,1.4045623342175066,1.0,0.01,0.5931262832287137,1.0,0.40687371677128625,0.40687371677128625,0.6859816000000001,0.13311501374914478
10,NC_014328.1.region005,0.3827983882173127,1.3427707199032064,1.0,0.01,0.5931262832287137,1.0,0.40687371677128625,0.40687371677128625,0.6859816000000001,0.13311501374914478
11,NZ_LT906470.1.region002,0.2928961071162906,1.3172486772486771,1.0,0.01,0.5931262832287137,1.0,0.40687371677128625,0.40687371677128625,0.6859816000000001,0.13311501374914478
12,NZ_LT906470.1.region003,0.3382319173363949,1.3304820095044128,1.0,0.01,0.5931262832287137,1.0,0.40687371677128625,0.40687371677128625,0.6859816000000001,0.13311501374914478
13,NC_014328.1.region002,0.397825744446195,1.226930693069307,1.0,0.01,0.5931262832287137,1.0,0.40687371677128625,0.40687371677128625,0.6859816000000001,0.13311501374914478
14,NZ_LT906445.1.region001,0.3925874769797421,1.3583909933153513,1.0,0.01,0.5931262832287137,1.0,0.40687371677128625,0.40687371677128625,0.6859816000000001,0.13311501374914478
15,NZ_CP020566.1.region001,0.3660973251691911,1.3477112676056338,1.0,0.01,0.5931262832287137,1.0,0.40687371677128625,0.40687371677128625,0.6859816000000001,0.13311501374914478
0,NC_014328.1.region004,0.9486634402279616,3.820968818537237,3.0,0.07,4.151883982600997,4.0,-1.1518839826009968,1.1518839826009968,0.2774364571428572,-0.3768566163430596
1,NZ_CP053893.1.region001,0.9609016279393348,3.3020079158219904,3.0,0.07,4.151883982600997,4.0,-1.1518839826009968,1.1518839826009968,0.2774364571428572,-0.3768566163430596
2,NZ_LT906470.1.region001,0.9573918657198192,4.00460116615763,4.0,0.07,4.151883982600997,4.0,-0.15188398260099678,0.15188398260099678,0.03658194285714295,-0.049691188196291404
3,NZ_CP053893.1.region004,0.9656087355852638,4.0432255337138026,4.0,0.07,4.151883982600997,4.0,-0.15188398260099678,0.15188398260099678,0.03658194285714295,-0.049691188196291404
4,NZ_CP053893.1.region003,0.949887221731882,3.5103241792277515,3.0,0.07,4.151883982600997,4.0,-1.1518839826009968,1.1518839826009968,0.2774364571428572,-0.3768566163430596
5,NZ_CP053893.1.region002,0.9546461290647336,20.609122066965465,5.0,0.07,4.151883982600997,4.0,0.8481160173990032,0.8481160173990032,0.2042725714285713,0.27747423995047676
6,NZ_CP053893.1.region005,0.9620835857056328,3.531918912112818,3.0,0.07,4.151883982600997,4.0,-1.1518839826009968,1.1518839826009968,0.2774364571428572,-0.3768566163430596
7,NC_014328.1.region003,0.9357170393215112,3.853537954475229,4.0,0.07,4.151883982600997,4.0,-0.15188398260099678,0.15188398260099678,0.03658194285714295,-0.049691188196291404
8,NZ_CP053893.1.region006,0.9669556840077072,4.137541097937631,4.0,0.07,4.151883982600997,4.0,-0.15188398260099678,0.15188398260099678,0.03658194285714295,-0.049691188196291404
9,NC_014328.1.region001,0.9657888937858088,3.796018481546974,4.0,0.07,4.151883982600997,4.0,-0.15188398260099678,0.15188398260099678,0.03658194285714295,-0.049691188196291404
10,NC_014328.1.region005,0.9553980825343892,3.927671126624006,3.0,0.07,4.151883982600997,4.0,-1.1518839826009968,1.1518839826009968,0.2774364571428572,-0.3768566163430596
11,NZ_LT906470.1.region002,0.9399640466154228,3.762324001714644,3.0,0.07,4.151883982600997,4.0,-1.1518839826009968,1.1518839826009968,0.2774364571428572,-0.3768566163430596
12,NZ_LT906470.1.region003,0.9809414466130884,4.229307116104869,4.0,0.07,4.151883982600997,4.0,-0.15188398260099678,0.15188398260099678,0.03658194285714295,-0.049691188196291404
13,NC_014328.1.region002,0.9580379181765664,3.3426159412345138,3.0,0.07,4.151883982600997,4.0,-1.1518839826009968,1.1518839826009968,0.2774364571428572,-0.3768566163430596
14,NZ_LT906445.1.region001,0.95244014732965,3.575868903175908,3.0,0.07,4.151883982600997,4.0,-1.1518839826009968,1.1518839826009968,0.2774364571428572,-0.3768566163430596
15,NZ_CP020566.1.region001,0.9772570323649924,3.864841946577472,4.0,0.07,4.151883982600997,4.0,-0.15188398260099678,0.15188398260099678,0.03658194285714295,-0.049691188196291404
0,NC_014328.1.region004,0.5884029128409245,1.580059958490276,1.0,0.02,1.1862525664574275,1.0,-0.1862525664574275,0.1862525664574275,0.15700919999999996,-0.06093540064847866
1,NZ_CP053893.1.region001,0.5831825982097305,1.7631620804835375,2.0,0.02,1.1862525664574275,1.0,0.8137474335425725,0.8137474335425725,0.6859816000000001,0.26623002749828956
2,NZ_LT906470.1.region001,0.57505791212547,1.6736445882586013,1.0,0.02,1.1862525664574275,1.0,-0.1862525664574275,0.1862525664574275,0.15700919999999996,-0.06093540064847866
3,NZ_CP053893.1.region004,0.6417491580773549,1.774350003975511,1.0,0.02,1.1862525664574275,1.0,-0.1862525664574275,0.1862525664574275,0.15700919999999996,-0.06093540064847866
4,NZ_CP053893.1.region003,0.6429832303618711,1.5571570197513918,1.0,0.02,1.1862525664574275,1.0,-0.1862525664574275,0.1862525664574275,0.15700919999999996,-0.06093540064847866
5,NZ_CP053893.1.region002,0.720628209000302,7.491338362671137,2.0,0.02,1.1862525664574275,1.0,0.8137474335425725,0.8137474335425725,0.6859816000000001,0.26623002749828956
6,NZ_CP053893.1.region005,0.6344639612356148,1.6761336515513126,1.0,0.02,1.1862525664574275,1.0,-0.1862525664574275,0.1862525664574275,0.15700919999999996,-0.06093540064847866
7,NC_014328.1.region003,0.6144949884348496,1.6093946047678795,1.0,0.02,1.1862525664574275,1.0,-0.1862525664574275,0.1862525664574275,0.15700919999999996,-0.06093540064847866
8,NZ_CP053893.1.region006,0.7401734104046243,2.0081999219055056,2.0,0.02,1.1862525664574275,1.0,0.8137474335425725,0.8137474335425725,0.6859816000000001,0.26623002749828956
9,NC_014328.1.region001,0.4933891582194799,1.715497990174185,1.0,0.02,1.1862525664574275,1.0,-0.1862525664574275,0.1862525664574275,0.15700919999999996,-0.06093540064847866
10,NC_014328.1.region005,0.691306562919735,1.9748760552056812,2.0,0.02,1.1862525664574275,1.0,0.8137474335425725,0.8137474335425725,0.6859816000000001,0.26623002749828956
11,NZ_LT906470.1.region002,0.6631849739647905,1.811235219890639,2.0,0.02,1.1862525664574275,1.0,0.8137474335425725,0.8137474335425725,0.6859816000000001,0.26623002749828956
12,NZ_LT906470.1.region003,0.6128128587830081,1.675059952038369,1.0,0.02,1.1862525664574275,1.0,-0.1862525664574275,0.1862525664574275,0.15700919999999996,-0.06093540064847866
13,NC_014328.1.region002,0.6168793655795389,1.7459560701515409,1.0,0.02,1.1862525664574275,1.0,-0.1862525664574275,0.1862525664574275,0.15700919999999996,-0.06093540064847866
14,NZ_LT906445.1.region001,0.6093001841620627,1.8478162309203567,2.0,0.02,1.1862525664574275,1.0,0.8137474335425725,0.8137474335425725,0.6859816000000001,0.26623002749828956
15,NZ_CP020566.1.region001,0.6402099350858617,1.6911405148856609,1.0,0.02,1.1862525664574275,1.0,-0.1862525664574275,0.1862525664574275,0.15700919999999996,-0.06093540064847866
0,NC_014328.1.region004,0.9946628070016736,5.154836069301077,5.0,0.09,5.338136549058424,5.0,-0.33813654905842405,0.33813654905842405,0.06334355555555558,-0.11062658884476999
1,NZ_CP053893.1.region001,0.9841844070312138,4.522714420358152,4.0,0.09,5.338136549058424,5.0,-1.338136549058424,1.338136549058424,0.2506748444444445,-0.4377920169915382
2,NZ_LT906470.1.region001,0.984164356510842,4.787891649945979,4.0,0.09,5.338136549058424,5.0,-1.338136549058424,1.338136549058424,0.2506748444444445,-0.4377920169915382
3,NZ_CP053893.1.region004,0.9890294928053884,5.335448588969716,5.0,0.09,5.338136549058424,5.0,-0.33813654905842405,0.33813654905842405,0.06334355555555558,-0.11062658884476999
4,NZ_CP053893.1.region003,0.9834755320192212,4.466969137956824,4.0,0.09,5.338136549058424,5.0,-1.338136549058424,1.338136549058424,0.2506748444444445,-0.4377920169915382
5,NZ_CP053893.1.region002,0.9868619752340684,25.42132109155828,6.0,0.09,5.338136549058424,5.0,0.661863450941576,0.661863450941576,0.1239877333333333,0.21653883930199821
6,NZ_CP053893.1.region005,0.983192004845548,4.32696750346527,4.0,0.09,5.338136549058424,5.0,-1.338136549058424,1.338136549058424,0.2506748444444445,-0.4377920169915382
7,NC_014328.1.region003,0.983471472629144,4.814934587681905,5.0,0.09,5.338136549058424,5.0,-0.33813654905842405,0.33813654905842405,0.06334355555555558,-0.11062658884476999
8,NZ_CP053893.1.region006,0.9794315992292872,5.703978753750062,5.0,0.09,5.338136549058424,5.0,-0.33813654905842405,0.33813654905842405,0.06334355555555558,-0.11062658884476999
9,NC_014328.1.region001,0.9541097399735566,4.333448813441884,4.0,0.09,5.338136549058424,5.0,-1.338136549058424,1.338136549058424,0.2506748444444445,-0.4377920169915382
10,NC_014328.1.region005,0.991014774674633,5.418843763144366,5.0,0.09,5.338136549058424,5.0,-0.33813654905842405,0.33813654905842405,0.06334355555555558,-0.11062658884476999
11,NZ_LT906470.1.region002,0.9930262831638978,5.131527201223509,5.0,0.09,5.338136549058424,5.0,-0.33813654905842405,0.33813654905842405,0.06334355555555558,-0.11062658884476999
12,NZ_LT906470.1.region003,0.9846613088404134,4.618721141737792,4.0,0.09,5.338136549058424,5.0,-1.338136549058424,1.338136549058424,0.2506748444444445,-0.4377920169915382
13,NC_014328.1.region002,0.9832991964707736,4.573145329274155,4.0,0.09,5.338136549058424,5.0,-1.338136549058424,1.338136549058424,0.2506748444444445,-0.4377920169915382
14,NZ_LT906445.1.region001,0.9899171270718232,4.551834798381471,4.0,0.09,5.338136549058424,5.0,-1.338136549058424,1.338136549058424,0.2506748444444445,-0.4377920169915382
15,NZ_CP020566.1.region001,0.9802955665024632,4.607429671723102,4.0,0.09,5.338136549058424,5.0,-1.338136549058424,1.338136549058424,0.2506748444444445,-0.4377920169915382
0,NC_014328.1.region004,0.2708399294404993,1.2199398797595191,1.0,0.007,0.4151883982600996,0.0,0.5848116017399003,0.5848116017399003,1.4085451428571427,0.19133013806843177
1,NZ_CP053893.1.region001,0.2441909002365382,1.2957264957264958,1.0,0.007,0.4151883982600996,0.0,0.5848116017399003,0.5848116017399003,1.4085451428571427,0.19133013806843177
2,NZ_LT906470.1.region001,0.2988645425891467,1.3290978398983482,1.0,0.007,0.4151883982600996,0.0,0.5848116017399003,0.5848116017399003,1.4085451428571427,0.19133013806843177
3,NZ_CP053893.1.region004,0.3307480355138279,1.4074359765504474,1.0,0.007,0.4151883982600996,0.0,0.5848116017399003,0.5848116017399003,1.4085451428571427,0.19133013806843177
4,NZ_CP053893.1.region003,0.2848877120721781,1.1886402753872634,1.0,0.007,0.4151883982600996,0.0,0.5848116017399003,0.5848116017399003,1.4085451428571427,0.19133013806843177
5,NZ_CP053893.1.region002,0.3984697473069566,5.0741536129358265,4.0,0.007,0.4151883982600996,0.0,3.5848116017399003,3.5848116017399003,8.63418057142857,1.1728264225087364
6,NZ_CP053893.1.region005,0.3197456087219866,1.2347508997916272,1.0,0.007,0.4151883982600996,0.0,0.5848116017399003,0.5848116017399003,1.4085451428571427,0.19133013806843177
7,NC_014328.1.region003,0.2864784117193523,1.2768713204373423,1.0,0.007,0.4151883982600996,0.0,0.5848116017399003,0.5848116017399003,1.4085451428571427,0.19133013806843177
8,NZ_CP053893.1.region006,0.3407032755298651,1.2684857910363354,1.0,0.007,0.4151883982600996,0.0,0.5848116017399003,0.5848116017399003,1.4085451428571427,0.19133013806843177
9,NC_014328.1.region001,0.2628360511238431,1.2163068539090338,1.0,0.007,0.4151883982600996,0.0,0.5848116017399003,0.5848116017399003,1.4085451428571427,0.19133013806843177
10,NC_014328.1.region005,0.312167106664814,1.334272997032641,1.0,0.007,0.4151883982600996,0.0,0.5848116017399003,0.5848116017399003,1.4085451428571427,0.19133013806843177
11,NZ_LT906470.1.region002,0.2931440614926853,1.3261788961725522,1.0,0.007,0.4151883982600996,0.0,0.5848116017399003,0.5848116017399003,1.4085451428571427,0.19133013806843177
12,NZ_LT906470.1.region003,0.274121699196326,1.2286815211928297,1.0,0.007,0.4151883982600996,0.0,0.5848116017399003,0.5848116017399003,1.4085451428571427,0.19133013806843177
13,NC_014328.1.region002,0.2844913607478598,1.2577072180173527,1.0,0.007,0.4151883982600996,0.0,0.5848116017399003,0.5848116017399003,1.4085451428571427,0.19133013806843177
14,NZ_LT906445.1.region001,0.3449815837937385,1.4010409715734686,1.0,0.007,0.4151883982600996,0.0,0.5848116017399003,0.5848116017399003,1.4085451428571427,0.19133013806843177
15,NZ_CP020566.1.region001,0.2841489802495281,1.2456254050550877,1.0,0.007,0.4151883982600996,0.0,0.5848116017399003,0.5848116017399003,1.4085451428571427,0.19133013806843177
0,NC_014328.1.region004,0.2452847256773259,1.3147704222754932,1.0,0.006,0.35587576993722825,0.0,0.6441242300627718,0.6441242300627718,1.8099693333333333,0.21073517950819415
1,NZ_CP053893.1.region001,0.2058809888224108,1.134489749943681,1.0,0.006,0.35587576993722825,0.0,0.6441242300627718,0.6441242300627718,1.8099693333333333,0.21073517950819415
2,NZ_LT906470.1.region001,0.2530285193483462,1.3087197958877383,1.0,0.006,0.35587576993722825,0.0,0.6441242300627718,0.6441242300627718,1.8099693333333333,0.21073517950819415
3,NZ_CP053893.1.region004,0.2252780896009797,1.2622876557191394,1.0,0.006,0.35587576993722825,0.0,0.6441242300627718,0.6441242300627718,1.8099693333333333,0.21073517950819415
4,NZ_CP053893.1.region003,0.2919976463665784,1.2083963056255247,1.0,0.006,0.35587576993722825,0.0,0.6441242300627718,0.6441242300627718,1.8099693333333333,0.21073517950819415
5,NZ_CP053893.1.region002,0.3631329910399677,4.441502633767674,4.0,0.006,0.35587576993722825,0.0,3.6441242300627716,3.6441242300627716,10.239877333333334,1.1922314639484988
6,NZ_CP053893.1.region005,0.2387189582071472,1.239454487789407,1.0,0.006,0.35587576993722825,0.0,0.6441242300627718,0.6441242300627718,1.8099693333333333,0.21073517950819415
7,NC_014328.1.region003,0.256216268311488,1.2871920255783336,1.0,0.006,0.35587576993722825,0.0,0.6441242300627718,0.6441242300627718,1.8099693333333333,0.21073517950819415
8,NZ_CP053893.1.region006,0.2854046242774566,1.3772151898734175,1.0,0.006,0.35587576993722825,0.0,0.6441242300627718,0.6441242300627718,1.8099693333333333,0.21073517950819415
9,NC_014328.1.region001,0.2111062141912736,1.1988517745302714,1.0,0.006,0.35587576993722825,0.0,0.6441242300627718,0.6441242300627718,1.8099693333333333,0.21073517950819415
10,NC_014328.1.region005,0.1838265944143393,1.2033257747543462,1.0,0.006,0.35587576993722825,0.0,0.6441242300627718,0.6441242300627718,1.8099693333333333,0.21073517950819415
11,NZ_LT906470.1.region002,0.2284589635507066,1.2775742775742776,1.0,0.006,0.35587576993722825,0.0,0.6441242300627718,0.6441242300627718,1.8099693333333333,0.21073517950819415
12,NZ_LT906470.1.region003,0.197060849598163,1.1733861570729434,1.0,0.006,0.35587576993722825,0.0,0.6441242300627718,0.6441242300627718,1.8099693333333333,0.21073517950819415
13,NC_014328.1.region002,0.1932671603382175,1.122282608695652,1.0,0.006,0.35587576993722825,0.0,0.6441242300627718,0.6441242300627718,1.8099693333333333,0.21073517950819415
14,NZ_LT906445.1.region001,0.2122467771639042,1.2219088937093276,1.0,0.006,0.35587576993722825,0.0,0.6441242300627718,0.6441242300627718,1.8099693333333333,0.21073517950819415
15,NZ_CP020566.1.region001,0.224667372588739,1.157172131147541,1.0,0.006,0.35587576993722825,0.0,0.6441242300627718,0.6441242300627718,1.8099693333333333,0.21073517950819415
0,NC_014328.1.region004,1.0,32.62191867565245,30.0,0.6,35.58757699372283,36.0,-5.587576993722827,5.587576993722827,0.15700920000000002,-1.8280620194543606
1,NZ_CP053893.1.region001,1.0,30.574416771021752,30.0,0.6,35.58757699372283,36.0,-5.587576993722827,5.587576993722827,0.15700920000000002,-1.8280620194543606
2,NZ_LT906470.1.region001,1.0,32.423726882618766,32.0,0.6,35.58757699372283,36.0,-3.587576993722827,3.587576993722827,0.10080981333333336,-1.1737311631608243
3,NZ_CP053893.1.region004,1.0,32.72583937136442,29.0,0.6,35.58757699372283,36.0,-6.587576993722827,6.587576993722827,0.18510889333333336,-2.1552274476011286
4,NZ_CP053893.1.region003,1.0,30.811415122094733,30.0,0.6,35.58757699372283,36.0,-5.587576993722827,5.587576993722827,0.15700920000000002,-1.8280620194543606
5,NZ_CP053893.1.region002,1.0,170.5803382663848,33.0,0.6,35.58757699372283,36.0,-2.587576993722827,2.587576993722827,0.07271012000000003,-0.846565735014056
6,NZ_CP053893.1.region005,1.0,29.604557843731072,29.0,0.6,35.58757699372283,36.0,-6.587576993722827,6.587576993722827,0.18510889333333336,-2.1552274476011286
7,NC_014328.1.region003,1.0,30.49127794911334,29.0,0.6,35.58757699372283,36.0,-6.587576993722827,6.587576993722827,0.18510889333333336,-2.1552274476011286
8,NZ_CP053893.1.region006,1.0,37.19306358381503,32.0,0.6,35.58757699372283,36.0,-3.587576993722827,3.587576993722827,0.10080981333333336,-1.1737311631608243
9,NC_014328.1.region001,1.0,30.103129131776114,30.0,0.6,35.58757699372283,36.0,-5.587576993722827,5.587576993722827,0.15700920000000002,-1.8280620194543606
10,NC_014328.1.region005,1.0,33.321522856745865,30.0,0.6,35.58757699372283,36.0,-5.587576993722827,5.587576993722827,0.15700920000000002,-1.8280620194543606
11,NZ_LT906470.1.region002,1.0,32.42865112819241,31.0,0.6,35.58757699372283,36.0,-4.587576993722827,4.587576993722827,0.1289095066666667,-1.5008965913075925
12,NZ_LT906470.1.region003,1.0,29.386268656716418,29.0,0.6,35.58757699372283,36.0,-6.587576993722827,6.587576993722827,0.18510889333333336,-2.1552274476011286
13,NC_014328.1.region002,1.0,29.905519668084654,30.0,0.6,35.58757699372283,36.0,-5.587576993722827,5.587576993722827,0.15700920000000002,-1.8280620194543606
14,NZ_LT906445.1.region001,1.0,29.806031307550644,29.0,0.6,35.58757699372283,36.0,-6.587576993722827,6.587576993722827,0.18510889333333336,-2.1552274476011286
15,NZ_CP020566.1.region001,1.0,29.921274342801897,30.0,0.6,35.58757699372283,36.0,-5.587576993722827,5.587576993722827,0.15700920000000002,-1.8280620194543606
0,NC_014328.1.region004,0.9838527296576056,4.430627068775285,4.0,0.08,4.74501026582971,5.0,-0.74501026582971,0.74501026582971,0.15700919999999996,-0.24374160259391464
1,NZ_CP053893.1.region001,0.9698993553174714,3.8601759755164498,4.0,0.08,4.74501026582971,5.0,-0.74501026582971,0.74501026582971,0.15700919999999996,-0.24374160259391464
2,NZ_LT906470.1.region001,0.9685565640071392,4.268574789257008,4.0,0.08,4.74501026582971,5.0,-0.74501026582971,0.74501026582971,0.15700919999999996,-0.24374160259391464
3,NZ_CP053893.1.region004,0.9717318093683028,4.15537702163411,4.0,0.08,4.74501026582971,5.0,-0.74501026582971,0.74501026582971,0.15700919999999996,-0.24374160259391464
4,NZ_CP053893.1.region003,0.9748945768363244,3.970375213761191,4.0,0.08,4.74501026582971,5.0,-0.74501026582971,0.74501026582971,0.15700919999999996,-0.24374160259391464
5,NZ_CP053893.1.region002,0.9831873552803784,22.736995699365146,5.0,0.08,4.74501026582971,5.0,0.25498973417029,0.25498973417029,0.053738500000000036,0.08342382555285355
6,NZ_CP053893.1.region005,0.970260448213204,4.161386478556714,4.0,0.08,4.74501026582971,5.0,-0.74501026582971,0.74501026582971,0.15700919999999996,-0.24374160259391464
7,NC_014328.1.region003,0.9813511950655358,4.244095261478026,4.0,0.08,4.74501026582971,5.0,-0.74501026582971,0.74501026582971,0.15700919999999996,-0.24374160259391464
8,NZ_CP053893.1.region006,0.9921001926782274,5.0125752573315205,4.0,0.08,4.74501026582971,5.0,-0.74501026582971,0.74501026582971,0.15700919999999996,-0.24374160259391464
9,NC_014328.1.region001,0.9614367562802996,4.0302544121017645,4.0,0.08,4.74501026582971,5.0,-0.74501026582971,0.74501026582971,0.15700919999999996,-0.24374160259391464
10,NC_014328.1.region005,0.9833263859941642,4.458103716263953,4.0,0.08,4.74501026582971,5.0,-0.74501026582971,0.74501026582971,0.15700919999999996,-0.24374160259391464
11,NZ_LT906470.1.region002,0.987075378130424,4.495933682921469,4.0,0.08,4.74501026582971,5.0,-0.74501026582971,0.74501026582971,0.15700919999999996,-0.24374160259391464
12,NZ_LT906470.1.region003,0.9763949483352468,4.157189219698038,4.0,0.08,4.74501026582971,5.0,-0.74501026582971,0.74501026582971,0.15700919999999996,-0.24374160259391464
13,NC_014328.1.region002,0.9885510214799644,3.9591988524677255,4.0,0.08,4.74501026582971,5.0,-0.74501026582971,0.74501026582971,0.15700919999999996,-0.24374160259391464
14,NZ_LT906445.1.region001,0.9831031307550644,3.87107198051796,4.0,0.08,4.74501026582971,5.0,-0.74501026582971,0.74501026582971,0.15700919999999996,-0.24374160259391464
15,NZ_CP020566.1.region001,0.9686938907048478,4.057506772491802,4.0,0.08,4.74501026582971,5.0,-0.74501026582971,0.74501026582971,0.15700919999999996,-0.24374160259391464
0,NC_014328.1.region004,0.8122484056266679,2.595277870586925,2.0,0.04,2.372505132914855,2.0,-0.372505132914855,0.372505132914855,0.15700919999999996,-0.12187080129695732
1,NZ_CP053893.1.region001,0.8602569454106952,2.261214147077852,2.0,0.04,2.372505132914855,2.0,-0.372505132914855,0.372505132914855,0.15700919999999996,-0.12187080129695732
2,NZ_LT906470.1.region001,0.8800744313219154,2.528888888888889,2.0,0.04,2.372505132914855,2.0,-0.372505132914855,0.372505132914855,0.15700919999999996,-0.12187080129695732
3,NZ_CP053893.1.region004,0.8496785386263904,2.452618304107615,2.0,0.04,2.372505132914855,2.0,-0.372505132914855,0.372505132914855,0.15700919999999996,-0.12187080129695732
4,NZ_CP053893.1.region003,0.798862410512896,2.22379081757918,2.0,0.04,2.372505132914855,2.0,-0.372505132914855,0.372505132914855,0.15700919999999996,-0.12187080129695732
5,NZ_CP053893.1.region002,0.8910701701399376,12.63247090724212,3.0,0.04,2.372505132914855,2.0,0.627494867085145,0.627494867085145,0.26448620000000006,0.20529462684981087
6,NZ_CP053893.1.region005,0.8436856450635978,2.364233537340489,2.0,0.04,2.372505132914855,2.0,-0.372505132914855,0.372505132914855,0.15700919999999996,-0.12187080129695732
7,NC_014328.1.region003,0.8034888203546646,2.292911119107593,2.0,0.04,2.372505132914855,2.0,-0.372505132914855,0.372505132914855,0.15700919999999996,-0.12187080129695732
8,NZ_CP053893.1.region006,0.8805394990366089,3.0956236323851205,3.0,0.04,2.372505132914855,2.0,0.627494867085145,0.627494867085145,0.26448620000000006,0.20529462684981087
9,NC_014328.1.region001,0.8220030850594976,2.2758528248776893,2.0,0.04,2.372505132914855,2.0,-0.372505132914855,0.372505132914855,0.15700919999999996,-0.12187080129695732
10,NC_014328.1.region005,0.8317817609189014,2.4961857564452363,2.0,0.04,2.372505132914855,2.0,-0.372505132914855,0.372505132914855,0.15700919999999996,-0.12187080129695732
11,NZ_LT906470.1.region002,0.8535209521448054,2.5185198634613988,2.0,0.04,2.372505132914855,2.0,-0.372505132914855,0.372505132914855,0.15700919999999996,-0.12187080129695732
12,NZ_LT906470.1.region003,0.8260849598163031,2.282632866355348,2.0,0.04,2.372505132914855,2.0,-0.372505132914855,0.372505132914855,0.15700919999999996,-0.12187080129695732
13,NC_014328.1.region002,0.8037918176566357,2.497092453446586,2.0,0.04,2.372505132914855,2.0,-0.372505132914855,0.372505132914855,0.15700919999999996,-0.12187080129695732
14,NZ_LT906445.1.region001,0.867817679558011,2.203459069446655,2.0,0.04,2.372505132914855,2.0,-0.372505132914855,0.372505132914855,0.15700919999999996,-0.12187080129695732
15,NZ_CP020566.1.region001,0.8252842870954376,2.291029789133103,2.0,0.04,2.372505132914855,2.0,-0.372505132914855,0.372505132914855,0.15700919999999996,-0.12187080129695732
0,NC_014328.1.region004,0.925595911167398,3.015637216575449,3.0,0.05,2.9656314161435686,3.0,0.03436858385643138,0.03436858385643138,0.01158896000000007,0.011244212452187477
1,NZ_CP053893.1.region001,0.8716200547284448,2.7474591603256533,3.0,0.05,2.9656314161435686,3.0,0.03436858385643138,0.03436858385643138,0.01158896000000007,0.011244212452187477
2,NZ_LT906470.1.region001,0.915733110545703,2.90453678361118,3.0,0.05,2.9656314161435686,3.0,0.03436858385643138,0.03436858385643138,0.01158896000000007,0.011244212452187477
3,NZ_CP053893.1.region004,0.941626696601694,3.360626422455836,3.0,0.05,2.9656314161435686,3.0,0.03436858385643138,0.03436858385643138,0.01158896000000007,0.011244212452187477
4,NZ_CP053893.1.region003,0.9306168480925764,2.99620633331577,3.0,0.05,2.9656314161435686,3.0,0.03436858385643138,0.03436858385643138,0.01158896000000007,0.011244212452187477
5,NZ_CP053893.1.region002,0.965418302627605,14.456593148756452,3.0,0.05,2.9656314161435686,3.0,0.03436858385643138,0.03436858385643138,0.01158896000000007,0.011244212452187477
6,NZ_CP053893.1.region005,0.9020139309509388,2.9003340663768067,3.0,0.05,2.9656314161435686,3.0,0.03436858385643138,0.03436858385643138,0.01158896000000007,0.011244212452187477
7,NC_014328.1.region003,0.9067077872012336,2.829559948979592,3.0,0.05,2.9656314161435686,3.0,0.03436858385643138,0.03436858385643138,0.01158896000000007,0.011244212452187477
8,NZ_CP053893.1.region006,0.9013969171483622,3.369849837011703,3.0,0.05,2.9656314161435686,3.0,0.03436858385643138,0.03436858385643138,0.01158896000000007,0.011244212452187477
9,NC_014328.1.region001,0.880674305861613,2.901100963342925,3.0,0.05,2.9656314161435686,3.0,0.03436858385643138,0.03436858385643138,0.01158896000000007,0.011244212452187477
10,NC_014328.1.region005,0.9385855217451716,3.158302491981249,2.0,0.05,2.9656314161435686,3.0,-0.9656314161435686,0.9656314161435686,0.32560735999999996,-0.3159212156945807
11,NZ_LT906470.1.region002,0.8710327299776841,3.0473614916556957,3.0,0.05,2.9656314161435686,3.0,0.03436858385643138,0.03436858385643138,0.01158896000000007,0.011244212452187477
12,NZ_LT906470.1.region003,0.9183926521239956,2.781278127812781,3.0,0.05,2.9656314161435686,3.0,0.03436858385643138,0.03436858385643138,0.01158896000000007,0.011244212452187477
13,NC_014328.1.region002,0.8743238275300667,2.768500720807304,2.0,0.05,2.9656314161435686,3.0,-0.9656314161435686,0.9656314161435686,0.32560735999999996,-0.3159212156945807
14,NZ_LT906445.1.region001,0.9205801104972376,2.7129782445611403,2.0,0.05,2.9656314161435686,3.0,-0.9656314161435686,0.9656314161435686,0.32560735999999996,-0.3159212156945807
15,NZ_CP020566.1.region001,0.9143685833985544,2.815115049594683,3.0,0.05,2.9656314161435686,3.0,0.03436858385643138,0.03436858385643138,0.01158896000000007,0.011244212452187477
0,NC_014328.1.region004,1.0,54.06666968202994,50.0,1.0,59.312628322871376,59.0,-9.312628322871376,9.312628322871376,0.1570092,-3.0467700324239337
1,NZ_CP053893.1.region001,1.0,50.60488845600853,51.0,1.0,59.312628322871376,59.0,-8.312628322871376,8.312628322871376,0.140149384,-2.7196046042771655
2,NZ_LT906470.1.region001,1.0,51.554893099912654,50.0,1.0,59.312628322871376,59.0,-9.312628322871376,9.312628322871376,0.1570092,-3.0467700324239337
3,NZ_CP053893.1.region004,1.0,56.53913664659659,51.0,1.0,59.312628322871376,59.0,-8.312628322871376,8.312628322871376,0.140149384,-2.7196046042771655
4,NZ_CP053893.1.region003,1.0,49.80165735020104,49.0,1.0,59.312628322871376,59.0,-10.312628322871376,10.312628322871376,0.173869016,-3.373935460570702
5,NZ_CP053893.1.region002,1.0,284.04344105506897,54.0,1.0,59.312628322871376,59.0,-5.312628322871376,5.312628322871376,0.08956993599999999,-1.7381083198368608
6,NZ_CP053893.1.region005,1.0,49.4661871592974,49.0,1.0,59.312628322871376,59.0,-10.312628322871376,10.312628322871376,0.173869016,-3.373935460570702
7,NC_014328.1.region003,1.0,53.27587702390131,52.0,1.0,59.312628322871376,59.0,-7.312628322871376,7.312628322871376,0.12328956799999999,-2.3924391761303974
8,NZ_CP053893.1.region006,1.0,63.68005780346821,54.0,1.0,59.312628322871376,59.0,-5.312628322871376,5.312628322871376,0.08956993599999999,-1.7381083198368608
9,NC_014328.1.region001,1.0,50.21534817100044,50.0,1.0,59.312628322871376,59.0,-9.312628322871376,9.312628322871376,0.1570092,-3.0467700324239337
10,NC_014328.1.region005,1.0,55.62252790514566,50.0,1.0,59.312628322871376,59.0,-9.312628322871376,9.312628322871376,0.1570092,-3.0467700324239337
11,NZ_LT906470.1.region002,1.0,54.03096330275229,51.0,1.0,59.312628322871376,59.0,-8.312628322871376,8.312628322871376,0.140149384,-2.7196046042771655
12,NZ_LT906470.1.region003,1.0,49.7094374282434,50.0,1.0,59.312628322871376,59.0,-9.312628322871376,9.312628322871376,0.1570092,-3.0467700324239337
13,NC_014328.1.region002,1.0,47.94606375715561,48.0,1.0,59.312628322871376,59.0,-11.312628322871376,11.312628322871376,0.190728832,-3.70110088871747
14,NZ_LT906445.1.region001,1.0,49.66146408839779,50.0,1.0,59.312628322871376,59.0,-9.312628322871376,9.312628322871376,0.1570092,-3.0467700324239337
15,NZ_CP020566.1.region001,1.0,49.50347589889968,49.0,1.0,59.312628322871376,59.0,-10.312628322871376,10.312628322871376,0.173869016,-3.373935460570702
0,NC_014328.1.region004,0.7940205346239089,2.0540586727428085,2.0,0.03,1.7793788496861414,2.0,0.22062115031385865,0.22062115031385865,0.1239877333333333,0.07217961310066606
1,NZ_CP053893.1.region001,0.7526552571773109,1.96820310574316,2.0,0.03,1.7793788496861414,2.0,0.22062115031385865,0.22062115031385865,0.1239877333333333,0.07217961310066606
2,NZ_LT906470.1.region001,0.7645539816959709,2.126161029156112,2.0,0.03,1.7793788496861414,2.0,0.22062115031385865,0.22062115031385865,0.1239877333333333,0.07217961310066606
3,NZ_CP053893.1.region004,0.7473721808347791,2.3983068205093194,2.0,0.03,1.7793788496861414,2.0,0.22062115031385865,0.22062115031385865,0.1239877333333333,0.07217961310066606
4,NZ_CP053893.1.region003,0.7504658232813572,2.2264619405423063,2.0,0.03,1.7793788496861414,2.0,0.22062115031385865,0.22062115031385865,0.1239877333333333,0.07217961310066606
5,NZ_CP053893.1.region002,0.774036041477902,10.685374260258827,2.0,0.03,1.7793788496861414,2.0,0.22062115031385865,0.22062115031385865,0.1239877333333333,0.07217961310066606
6,NZ_CP053893.1.region005,0.7633252574197457,2.0998413013291013,2.0,0.03,1.7793788496861414,2.0,0.22062115031385865,0.22062115031385865,0.1239877333333333,0.07217961310066606
7,NC_014328.1.region003,0.7455185042405551,1.9974791545472173,2.0,0.03,1.7793788496861414,2.0,0.22062115031385865,0.22062115031385865,0.1239877333333333,0.07217961310066606
8,NZ_CP053893.1.region006,0.8394990366088632,2.2000229515721825,2.0,0.03,1.7793788496861414,2.0,0.22062115031385865,0.22062115031385865,0.1239877333333333,0.07217961310066606
9,NC_014328.1.region001,0.7070846187747907,2.1079080638878067,2.0,0.03,1.7793788496861414,2.0,0.22062115031385865,0.22062115031385865,0.1239877333333333,0.07217961310066606
10,NC_014328.1.region005,0.7345653281459867,2.187831021437579,2.0,0.03,1.7793788496861414,2.0,0.22062115031385865,0.22062115031385865,0.1239877333333333,0.07217961310066606
11,NZ_LT906470.1.region002,0.7547421274485495,2.3661040614348487,2.0,0.03,1.7793788496861414,2.0,0.22062115031385865,0.22062115031385865,0.1239877333333333,0.07217961310066606
12,NZ_LT906470.1.region003,0.7627554535017221,1.9201637666325488,2.0,0.03,1.7793788496861414,2.0,0.22062115031385865,0.22062115031385865,0.1239877333333333,0.07217961310066606
13,NC_014328.1.region002,0.6939761567144582,1.8531103375208116,1.0,0.03,1.7793788496861414,2.0,-0.7793788496861414,0.7793788496861414,0.4380061333333333,-0.2549858150461021
14,NZ_LT906445.1.region001,0.7631675874769798,1.8975024131274127,2.0,0.03,1.7793788496861414,2.0,0.22062115031385865,0.22062115031385865,0.1239877333333333,0.07217961310066606
15,NZ_CP020566.1.region001,0.7221582800055246,1.8829529516766543,2.0,0.03,1.7793788496861414,2.0,0.22062115031385865,0.22062115031385865,0.1239877333333333,0.07217961310066606
0,NC_014328.1.region004,0.2320322040797865,1.250487329434698,1.0,0.004,0.2372505132914855,0.0,0.7627494867085145,0.7627494867085145,3.214954,0.24954526238771882
1,NZ_CP053893.1.region001,0.1409953156161588,1.2108552631578948,1.0,0.004,0.2372505132914855,0.0,0.7627494867085145,0.7627494867085145,3.214954,0.24954526238771882
2,NZ_LT906470.1.region001,0.2015341966354004,1.236103259845487,1.0,0.004,0.2372505132914855,0.0,0.7627494867085145,0.7627494867085145,3.214954,0.24954526238771882
3,NZ_CP053893.1.region004,0.252015511786917,1.197003441992306,1.0,0.004,0.2372505132914855,0.0,0.7627494867085145,0.7627494867085145,3.214954,0.24954526238771882
4,NZ_CP053893.1.region003,0.1795626164558203,1.1916985253959584,1.0,0.004,0.2372505132914855,0.0,0.7627494867085145,0.7627494867085145,3.214954,0.24954526238771882
5,NZ_CP053893.1.region002,0.3695258230141951,3.163465467919902,3.0,0.004,0.2372505132914855,0.0,2.7627494867085147,2.7627494867085147,11.644862000000002,0.9038761186812553
6,NZ_CP053893.1.region005,0.1713658388855239,1.106565344172484,1.0,0.004,0.2372505132914855,0.0,0.7627494867085145,0.7627494867085145,3.214954,0.24954526238771882
7,NC_014328.1.region003,0.1530936777178103,1.2332389046270067,1.0,0.004,0.2372505132914855,0.0,0.7627494867085145,0.7627494867085145,3.214954,0.24954526238771882
8,NZ_CP053893.1.region006,0.1811657032755298,1.16644509438979,1.0,0.004,0.2372505132914855,0.0,0.7627494867085145,0.7627494867085145,3.214954,0.24954526238771882
9,NC_014328.1.region001,0.2123732921992067,1.1009079118028535,1.0,0.004,0.2372505132914855,0.0,0.7627494867085145,0.7627494867085145,3.214954,0.24954526238771882
10,NC_014328.1.region005,0.1620582650178315,1.2897970848813949,1.0,0.004,0.2372505132914855,0.0,0.7627494867085145,0.7627494867085145,3.214954,0.24954526238771882
11,NZ_LT906470.1.region002,0.1687019588395735,1.2529854859452507,1.0,0.004,0.2372505132914855,0.0,0.7627494867085145,0.7627494867085145,3.214954,0.24954526238771882
12,NZ_LT906470.1.region003,0.1935706084959816,1.2548042704626334,1.0,0.004,0.2372505132914855,0.0,0.7627494867085145,0.7627494867085145,3.214954,0.24954526238771882
13,NC_014328.1.region002,0.1626490205346357,1.1559573781078465,1.0,0.004,0.2372505132914855,0.0,0.7627494867085145,0.7627494867085145,3.214954,0.24954526238771882
14,NZ_LT906445.1.region001,0.1543738489871086,1.1246644795705338,1.0,0.004,0.2372505132914855,0.0,0.7627494867085145,0.7627494867085145,3.214954,0.24954526238771882
15,NZ_CP020566.1.region001,0.0826849592560195,1.410913140311804,1.0,0.004,0.2372505132914855,0.0,0.7627494867085145,0.7627494867085145,3.214954,0.24954526238771882
0,NC_014328.1.region004,0.1278212492650052,1.1585279547062983,1.0,0.002,0.11862525664574275,0.0,0.8813747433542573,0.8813747433542573,7.429908,0.2883553452672435
1,NZ_CP053893.1.region001,0.0905802142757757,1.1505376344086022,1.0,0.002,0.11862525664574275,0.0,0.8813747433542573,0.8813747433542573,7.429908,0.2883553452672435
2,NZ_LT906470.1.region001,0.1087228952265218,1.0565840027942717,1.0,0.002,0.11862525664574275,0.0,0.8813747433542573,0.8813747433542573,7.429908,0.2883553452672435
3,NZ_CP053893.1.region004,0.1193999387692621,1.0858974358974358,1.0,0.002,0.11862525664574275,0.0,0.8813747433542573,0.8813747433542573,7.429908,0.2883553452672435
4,NZ_CP053893.1.region003,0.1232715504560164,1.1336515513126493,1.0,0.002,0.11862525664574275,0.0,0.8813747433542573,0.8813747433542573,7.429908,0.2883553452672435
5,NZ_CP053893.1.region002,0.2531460787274741,1.8488765162060048,2.0,0.002,0.11862525664574275,0.0,1.8813747433542574,1.8813747433542574,15.859816000000002,0.6155207734140118
6,NZ_CP053893.1.region005,0.0963961235614778,1.139176877159912,1.0,0.002,0.11862525664574275,0.0,0.8813747433542573,0.8813747433542573,7.429908,0.2883553452672435
7,NC_014328.1.region003,0.0823053199691596,1.0450819672131149,1.0,0.002,0.11862525664574275,0.0,0.8813747433542573,0.8813747433542573,7.429908,0.2883553452672435
8,NZ_CP053893.1.region006,0.098747591522158,1.048780487804878,1.0,0.002,0.11862525664574275,0.0,0.8813747433542573,0.8813747433542573,7.429908,0.2883553452672435
9,NC_014328.1.region001,0.0702952842661965,1.1057993730407525,1.0,0.002,0.11862525664574275,0.0,0.8813747433542573,0.8813747433542573,7.429908,0.2883553452672435
10,NC_014328.1.region005,0.094205919132972,1.1037364798426743,1.0,0.002,0.11862525664574275,0.0,0.8813747433542573,0.8813747433542573,7.429908,0.2883553452672435
11,NZ_LT906470.1.region002,0.0822588643689561,1.1081386586284854,1.0,0.002,0.11862525664574275,0.0,0.8813747433542573,0.8813747433542573,7.429908,0.2883553452672435
12,NZ_LT906470.1.region003,0.06300803673938,1.120991253644315,1.0,0.002,0.11862525664574275,0.0,0.8813747433542573,0.8813747433542573,7.429908,0.2883553452672435
13,NC_014328.1.region002,0.0933249304133186,1.1350590883511535,1.0,0.002,0.11862525664574275,0.0,0.8813747433542573,0.8813747433542573,7.429908,0.2883553452672435
14,NZ_LT906445.1.region001,0.0875230202578268,1.074171488690163,1.0,0.002,0.11862525664574275,0.0,0.8813747433542573,0.8813747433542573,7.429908,0.2883553452672435
15,NZ_CP020566.1.region001,0.0952534413701026,1.0425326244562592,1.0,0.002,0.11862525664574275,0.0,0.8813747433542573,0.8813747433542573,7.429908,0.2883553452672435
0,NC_014328.1.region004,0.33425301913248,1.3956698240866034,1.0,0.009,0.5338136549058424,1.0,0.4661863450941576,0.4661863450941576,0.8733128888888888,0.1525200551889071
1,NZ_CP053893.1.region001,0.2664996985297528,1.2325095718760877,1.0,0.009,0.5338136549058424,1.0,0.4661863450941576,0.4661863450941576,0.8733128888888888,0.1525200551889071
2,NZ_LT906470.1.region001,0.2522310408992519,1.2747666365552544,1.0,0.009,0.5338136549058424,1.0,0.4661863450941576,0.4661863450941576,0.8733128888888888,0.1525200551889071
3,NZ_CP053893.1.region004,0.3331972650270435,1.3405819295558958,1.0,0.009,0.5338136549058424,1.0,0.4661863450941576,0.4661863450941576,0.8733128888888888,0.1525200551889071
4,NZ_CP053893.1.region003,0.3790820829655781,1.395938429698616,1.0,0.009,0.5338136549058424,1.0,0.4661863450941576,0.4661863450941576,0.8733128888888888,0.1525200551889071
5,NZ_CP053893.1.region002,0.5079029497634149,5.0586719524281465,3.0,0.009,0.5338136549058424,1.0,2.4661863450941577,2.4661863450941577,4.619938666666666,0.8068509114824435
6,NZ_CP053893.1.region005,0.4136432465172622,1.297287403448402,1.0,0.009,0.5338136549058424,1.0,0.4661863450941576,0.4661863450941576,0.8733128888888888,0.1525200551889071
7,NC_014328.1.region003,0.2547224363916731,1.3974650018917896,1.0,0.009,0.5338136549058424,1.0,0.4661863450941576,0.4661863450941576,0.8733128888888888,0.1525200551889071
8,NZ_CP053893.1.region006,0.4261560693641618,1.3509664292980672,1.0,0.009,0.5338136549058424,1.0,0.4661863450941576,0.4661863450941576,0.8733128888888888,0.1525200551889071
9,NC_014328.1.region001,0.3459122961657118,1.399108138238573,1.0,0.009,0.5338136549058424,1.0,0.4661863450941576,0.4661863450941576,0.8733128888888888,0.1525200551889071
10,NC_014328.1.region005,0.3441711824371266,1.4726147221100794,1.0,0.009,0.5338136549058424,1.0,0.4661863450941576,0.4661863450941576,0.8733128888888888,0.1525200551889071
11,NZ_LT906470.1.region002,0.4471547235308703,1.3429680460248146,1.0,0.009,0.5338136549058424,1.0,0.4661863450941576,0.4661863450941576,0.8733128888888888,0.1525200551889071
12,NZ_LT906470.1.region003,0.365097588978186,1.3680503144654088,1.0,0.009,0.5338136549058424,1.0,0.4661863450941576,0.4661863450941576,0.8733128888888888,0.1525200551889071
13,NC_014328.1.region002,0.405178299459062,1.3996111471160078,1.0,0.009,0.5338136549058424,1.0,0.4661863450941576,0.4661863450941576,0.8733128888888888,0.1525200551889071
14,NZ_LT906445.1.region001,0.3758747697974217,1.302670259676629,1.0,0.009,0.5338136549058424,1.0,0.4661863450941576,0.4661863450941576,0.8733128888888888,0.1525200551889071
15,NZ_CP020566.1.region001,0.2925740067216058,1.17639653815893,1.0,0.009,0.5338136549058424,1.0,0.4661863450941576,0.4661863450941576,0.8733128888888888,0.1525200551889071
0,NC_014328.1.region004,1.0,37.263783979374914,35.0,0.7,41.518839826009966,42.0,-6.518839826009966,6.518839826009966,0.15700920000000004,-2.132739022696754
1,NZ_CP053893.1.region001,1.0,35.27341032419647,35.0,0.7,41.518839826009966,42.0,-6.518839826009966,6.518839826009966,0.15700920000000004,-2.132739022696754
2,NZ_LT906470.1.region001,1.0,37.11981164318536,36.0,0.7,41.518839826009966,42.0,-5.518839826009966,5.518839826009966,0.13292374857142863,-1.8055735945499862
3,NZ_CP053893.1.region004,1.0,37.56337381365446,34.0,0.7,41.518839826009966,42.0,-7.518839826009966,7.518839826009966,0.18109465142857148,-2.459904450843523
4,NZ_CP053893.1.region003,1.0,34.64950475630087,34.0,0.7,41.518839826009966,42.0,-7.518839826009966,7.518839826009966,0.18109465142857148,-2.459904450843523
5,NZ_CP053893.1.region002,1.0,198.78797946239808,37.0,0.7,41.518839826009966,42.0,-4.518839826009966,4.518839826009966,0.1088382971428572,-1.478408166403218
6,NZ_CP053893.1.region005,1.0,35.085614778921865,35.0,0.7,41.518839826009966,42.0,-6.518839826009966,6.518839826009966,0.15700920000000004,-2.132739022696754
7,NC_014328.1.region003,1.0,36.2356399383192,35.0,0.7,41.518839826009966,42.0,-6.518839826009966,6.518839826009966,0.15700920000000004,-2.132739022696754
8,NZ_CP053893.1.region006,1.0,44.90279383429672,38.0,0.7,41.518839826009966,42.0,-3.518839826009966,3.518839826009966,0.08475284571428576,-1.1512427382564498
9,NC_014328.1.region001,1.0,35.46342000881445,35.0,0.7,41.518839826009966,42.0,-6.518839826009966,6.518839826009966,0.15700920000000004,-2.132739022696754
10,NC_014328.1.region005,1.0,38.854430086610165,35.0,0.7,41.518839826009966,42.0,-6.518839826009966,6.518839826009966,0.15700920000000004,-2.132739022696754
11,NZ_LT906470.1.region002,1.0,38.35457475824448,35.0,0.7,41.518839826009966,42.0,-6.518839826009966,6.518839826009966,0.15700920000000004,-2.132739022696754
12,NZ_LT906470.1.region003,1.0,35.19664753157291,35.0,0.7,41.518839826009966,42.0,-6.518839826009966,6.518839826009966,0.15700920000000004,-2.132739022696754
13,NC_014328.1.region002,1.0,35.265899900215324,35.0,0.7,41.518839826009966,42.0,-6.518839826009966,6.518839826009966,0.15700920000000004,-2.132739022696754
14,NZ_LT906445.1.region001,1.0,33.87228360957643,34.0,0.7,41.518839826009966,42.0,-7.518839826009966,7.518839826009966,0.18109465142857148,-2.459904450843523
15,NZ_CP020566.1.region001,1.0,36.59067262096588,37.0,0.7,41.518839826009966,42.0,-4.518839826009966,4.518839826009966,0.1088382971428572,-1.478408166403218
0,NC_014328.1.region004,1.0,42.29915419060112,39.0,0.8,47.4501026582971,47.0,-8.450102658297098,8.450102658297098,0.17808396999999995,-2.764581454085914
1,NZ_CP053893.1.region001,1.0,39.37104030425305,39.0,0.8,47.4501026582971,47.0,-8.450102658297098,8.450102658297098,0.17808396999999995,-2.764581454085914
2,NZ_LT906470.1.region001,1.0,41.02684844111951,39.0,0.8,47.4501026582971,47.0,-8.450102658297098,8.450102658297098,0.17808396999999995,-2.764581454085914
3,NZ_CP053893.1.region004,1.0,45.45734258597816,42.0,0.8,47.4501026582971,47.0,-5.450102658297098,5.450102658297098,0.11485965999999993,-1.7830851696456096
4,NZ_CP053893.1.region003,1.0,40.14734725899775,39.0,0.8,47.4501026582971,47.0,-8.450102658297098,8.450102658297098,0.17808396999999995,-2.764581454085914
5,NZ_CP053893.1.region002,1.0,228.43254807208297,43.0,0.8,47.4501026582971,47.0,-4.450102658297098,4.450102658297098,0.09378488999999994,-1.4559197414988414
6,NZ_CP053893.1.region005,1.0,40.05852513628104,40.0,0.8,47.4501026582971,47.0,-7.450102658297098,7.450102658297098,0.15700919999999993,-2.4374160259391457
7,NC_014328.1.region003,1.0,41.73202582883577,40.0,0.8,47.4501026582971,47.0,-7.450102658297098,7.450102658297098,0.15700919999999993,-2.4374160259391457
8,NZ_CP053893.1.region006,1.0,49.6864161849711,43.0,0.8,47.4501026582971,47.0,-4.450102658297098,4.450102658297098,0.09378488999999994,-1.4559197414988414
9,NC_014328.1.region001,1.0,41.507327016306746,41.0,0.8,47.4501026582971,47.0,-6.450102658297098,6.450102658297098,0.13593442999999994,-2.1102505977923776
10,NC_014328.1.region005,1.0,43.25950627576305,39.0,0.8,47.4501026582971,47.0,-8.450102658297098,8.450102658297098,0.17808396999999995,-2.764581454085914
11,NZ_LT906470.1.region002,1.0,43.10290106620382,40.0,0.8,47.4501026582971,47.0,-7.450102658297098,7.450102658297098,0.15700919999999993,-2.4374160259391457
12,NZ_LT906470.1.region003,1.0,38.84119402985075,39.0,0.8,47.4501026582971,47.0,-8.450102658297098,8.450102658297098,0.17808396999999995,-2.764581454085914
13,NC_014328.1.region002,1.0,40.741715246048,41.0,0.8,47.4501026582971,47.0,-6.450102658297098,6.450102658297098,0.13593442999999994,-2.1102505977923776
14,NZ_LT906445.1.region001,1.0,39.79972375690608,40.0,0.8,47.4501026582971,47.0,-7.450102658297098,7.450102658297098,0.15700919999999993,-2.4374160259391457
15,NZ_CP020566.1.region001,1.0,39.481607660789095,39.0,0.8,47.4501026582971,47.0,-8.450102658297098,8.450102658297098,0.17808396999999995,-2.764581454085914
0,NC_014328.1.region004,1.0,10.7396535347596,10.0,0.2,11.862525664574274,12.0,-1.8625256645742745,1.8625256645742745,0.15700919999999993,-0.6093540064847864
1,NZ_CP053893.1.region001,0.9999072399239368,10.14068370518113,10.0,0.2,11.862525664574274,12.0,-1.8625256645742745,1.8625256645742745,0.15700919999999993,-0.6093540064847864
2,NZ_LT906470.1.region001,1.0,10.682983328902898,10.0,0.2,11.862525664574274,12.0,-1.8625256645742745,1.8625256645742745,0.15700919999999993,-0.6093540064847864
3,NZ_CP053893.1.region004,1.0,11.196397591590978,10.0,0.2,11.862525664574274,12.0,-1.8625256645742745,1.8625256645742745,0.15700919999999993,-0.6093540064847864
4,NZ_CP053893.1.region003,0.9999019319407668,10.027265594350723,10.0,0.2,11.862525664574274,12.0,-1.8625256645742745,1.8625256645742745,0.15700919999999993,-0.6093540064847864
5,NZ_CP053893.1.region002,1.0,58.97845565287426,12.0,0.2,11.862525664574274,12.0,0.1374743354257255,0.1374743354257255,0.01158896000000007,0.04497684980874991
6,NZ_CP053893.1.region005,1.0,10.191232586311326,10.0,0.2,11.862525664574274,12.0,-1.8625256645742745,1.8625256645742745,0.15700919999999993,-0.6093540064847864
7,NC_014328.1.region003,0.9998072474942176,10.070320030846348,10.0,0.2,11.862525664574274,12.0,-1.8625256645742745,1.8625256645742745,0.15700919999999993,-0.6093540064847864
8,NZ_CP053893.1.region006,1.0,12.859344894026975,12.0,0.2,11.862525664574274,12.0,0.1374743354257255,0.1374743354257255,0.01158896000000007,0.04497684980874991
9,NC_014328.1.region001,0.999889819303658,9.751129476584024,9.0,0.2,11.862525664574274,12.0,-2.8625256645742745,2.8625256645742745,0.24130827999999996,-0.9365194346315546
10,NC_014328.1.region005,1.0,11.326988096892224,10.0,0.2,11.862525664574274,12.0,-1.8625256645742745,1.8625256645742745,0.15700919999999993,-0.6093540064847864
11,NZ_LT906470.1.region002,1.0,10.602653111827424,10.0,0.2,11.862525664574274,12.0,-1.8625256645742745,1.8625256645742745,0.15700919999999993,-0.6093540064847864
12,NZ_LT906470.1.region003,1.0,9.621859931113663,9.0,0.2,11.862525664574274,12.0,-2.8625256645742745,2.8625256645742745,0.24130827999999996,-0.9365194346315546
13,NC_014328.1.region002,0.999947481749908,9.33686974789916,9.0,0.2,11.862525664574274,12.0,-2.8625256645742745,2.8625256645742745,0.24130827999999996,-0.9365194346315546
14,NZ_LT906445.1.region001,1.0,9.267725598526704,9.0,0.2,11.862525664574274,12.0,-2.8625256645742745,2.8625256645742745,0.24130827999999996,-0.9365194346315546
15,NZ_CP020566.1.region001,1.0,9.675613461626996,9.0,0.2,11.862525664574274,12.0,-2.8625256645742745,2.8625256645742745,0.24130827999999996,-0.9365194346315546
0,NC_014328.1.region004,0.9900493011895608,5.3825665859564165,5.0,0.1,5.931262832287137,6.0,-0.9312628322871372,0.9312628322871372,0.15700919999999993,-0.3046770032423932
1,NZ_CP053893.1.region001,0.9917443532303696,5.1402516017397,5.0,0.1,5.931262832287137,6.0,-0.9312628322871372,0.9312628322871372,0.15700919999999993,-0.3046770032423932
2,NZ_LT906470.1.region001,0.9876580716211598,5.187826822516149,5.0,0.1,5.931262832287137,6.0,-0.9312628322871372,0.9312628322871372,0.15700919999999993,-0.3046770032423932
3,NZ_CP053893.1.region004,0.9967853862639044,5.879549526490914,5.0,0.1,5.931262832287137,6.0,-0.9312628322871372,0.9312628322871372,0.15700919999999993,-0.3046770032423932
4,NZ_CP053893.1.region003,0.991860351083652,5.162645837453035,5.0,0.1,5.931262832287137,6.0,-0.9312628322871372,0.9312628322871372,0.15700919999999993,-0.3046770032423932
5,NZ_CP053893.1.region002,0.9855028692237996,28.251506793339463,6.0,0.1,5.931262832287137,6.0,0.06873716771286276,0.06873716771286276,0.01158896000000007,0.022488424904374953
6,NZ_CP053893.1.region005,0.9924742580254392,5.115603496940939,5.0,0.1,5.931262832287137,6.0,-0.9312628322871372,0.9312628322871372,0.15700919999999993,-0.3046770032423932
7,NC_014328.1.region003,0.9972532767925985,5.764677458323266,5.0,0.1,5.931262832287137,6.0,-0.9312628322871372,0.9312628322871372,0.15700919999999993,-0.3046770032423932
8,NZ_CP053893.1.region006,0.9945568400770712,6.305225940814646,6.0,0.1,5.931262832287137,6.0,0.06873716771286276,0.06873716771286276,0.01158896000000007,0.022488424904374953
9,NC_014328.1.region001,0.98953283384751,4.648313105444828,4.0,0.1,5.931262832287137,6.0,-1.9312628322871372,1.9312628322871372,0.32560735999999996,-0.6318424313891614
10,NC_014328.1.region005,0.9885137325737576,5.536335098158647,5.0,0.1,5.931262832287137,6.0,-0.9312628322871372,0.9312628322871372,0.15700919999999993,-0.3046770032423932
11,NZ_LT906470.1.region002,0.9834490453756508,5.347872675701229,5.0,0.1,5.931262832287137,6.0,-0.9312628322871372,0.9312628322871372,0.15700919999999993,-0.3046770032423932
12,NZ_LT906470.1.region003,0.988243398392652,4.8821041869975375,5.0,0.1,5.931262832287137,6.0,-0.9312628322871372,0.9312628322871372,0.15700919999999993,-0.3046770032423932
13,NC_014328.1.region002,0.9908618244840082,4.784915460857582,5.0,0.1,5.931262832287137,6.0,-0.9312628322871372,0.9312628322871372,0.15700919999999993,-0.3046770032423932
14,NZ_LT906445.1.region001,0.9779465930018416,5.062049809331011,5.0,0.1,5.931262832287137,6.0,-0.9312628322871372,0.9312628322871372,0.15700919999999993,-0.3046770032423932
15,NZ_CP020566.1.region001,0.9904700520233876,4.852421678906758,4.0,0.1,5.931262832287137,6.0,-1.9312628322871372,1.9312628322871372,0.32560735999999996,-0.6318424313891614
0,NC_014328.1.region004,0.0536885431272332,1.1465880370682393,1.0,0.001,0.059312628322871375,0.0,0.9406873716771287,0.9406873716771287,15.859816000000002,0.3077603867070059
1,NZ_CP053893.1.region001,0.0559343258661472,1.0398009950248757,1.0,0.001,0.059312628322871375,0.0,0.9406873716771287,0.9406873716771287,15.859816000000002,0.3077603867070059
2,NZ_LT906470.1.region001,0.1044317016671097,1.0647272727272727,1.0,0.001,0.059312628322871375,0.0,0.9406873716771287,0.9406873716771287,15.859816000000002,0.3077603867070059
3,NZ_CP053893.1.region004,0.0722012450250025,1.0530035335689043,1.0,0.001,0.059312628322871375,0.0,0.9406873716771287,0.9406873716771287,15.859816000000002,0.3077603867070059
4,NZ_CP053893.1.region003,0.0374129645974306,1.2450851900393185,1.0,0.001,0.059312628322871375,0.0,0.9406873716771287,0.9406873716771287,15.859816000000002,0.3077603867070059
5,NZ_CP053893.1.region002,0.2472566193496426,1.522597719869707,1.0,0.001,0.059312628322871375,0.0,0.9406873716771287,0.9406873716771287,15.859816000000002,0.3077603867070059
6,NZ_CP053893.1.region005,0.0290884312537855,1.043206663196252,1.0,0.001,0.059312628322871375,0.0,0.9406873716771287,0.9406873716771287,15.859816000000002,0.3077603867070059
7,NC_014328.1.region003,0.0333943716268311,1.0735930735930737,1.0,0.001,0.059312628322871375,0.0,0.9406873716771287,0.9406873716771287,15.859816000000002,0.3077603867070059
8,NZ_CP053893.1.region006,0.0735067437379576,1.146788990825688,1.0,0.001,0.059312628322871375,0.0,0.9406873716771287,0.9406873716771287,15.859816000000002,0.3077603867070059
9,NC_014328.1.region001,0.0626928162185985,1.0887521968365554,1.0,0.001,0.059312628322871375,0.0,0.9406873716771287,0.9406873716771287,15.859816000000002,0.3077603867070059
10,NC_014328.1.region005,0.0270483071650224,1.2671232876712328,1.0,0.001,0.059312628322871375,0.0,0.9406873716771287,0.9406873716771287,15.859816000000002,0.3077603867070059
11,NZ_LT906470.1.region002,0.0348375898834614,1.1334519572953736,1.0,0.001,0.059312628322871375,0.0,0.9406873716771287,0.9406873716771287,15.859816000000002,0.3077603867070059
12,NZ_LT906470.1.region003,0.042158438576349,1.1938997821350763,1.0,0.001,0.059312628322871375,0.0,0.9406873716771287,0.9406873716771287,15.859816000000002,0.3077603867070059
13,NZ_LT906445.1.region001,0.0162523020257826,1.0906515580736544,1.0,0.001,0.059312628322871375,0.0,0.9406873716771287,0.9406873716771287,15.859816000000002,0.3077603867070059
14,NZ_CP020566.1.region001,0.042861746696745,1.0923737916219118,1.0,0.001,0.059312628322871375,0.0,0.9406873716771287,0.9406873716771287,15.859816000000002,0.3077603867070059
0,NC_014328.1.region004,1.0,15.921434709846668,14.0,0.3,17.793788496861414,18.0,-3.7937884968614135,3.7937884968614135,0.2132085866666667,-1.2411964378739484
1,NZ_CP053893.1.region001,1.0,14.734196002040722,14.0,0.3,17.793788496861414,18.0,-3.7937884968614135,3.7937884968614135,0.2132085866666667,-1.2411964378739484
2,NZ_LT906470.1.region001,1.0,15.313788782136482,15.0,0.3,17.793788496861414,18.0,-2.7937884968614135,2.7937884968614135,0.15700920000000002,-0.9140310097271803
3,NZ_CP053893.1.region004,1.0,16.350341871619552,15.0,0.3,17.793788496861414,18.0,-2.7937884968614135,2.7937884968614135,0.15700920000000002,-0.9140310097271803
4,NZ_CP053893.1.region003,1.0,15.993968814357164,16.0,0.3,17.793788496861414,18.0,-1.7937884968614135,1.7937884968614135,0.10080981333333336,-0.5868655815804121
5,NZ_CP053893.1.region002,1.0,85.59780529547972,16.0,0.3,17.793788496861414,18.0,-1.7937884968614135,1.7937884968614135,0.10080981333333336,-0.5868655815804121
6,NZ_CP053893.1.region005,1.0,14.456496062992128,14.0,0.3,17.793788496861414,18.0,-3.7937884968614135,3.7937884968614135,0.2132085866666667,-1.2411964378739484
7,NC_014328.1.region003,1.0,16.047609868928298,15.0,0.3,17.793788496861414,18.0,-2.7937884968614135,2.7937884968614135,0.15700920000000002,-0.9140310097271803
8,NZ_CP053893.1.region006,1.0,19.18034682080925,17.0,0.3,17.793788496861414,18.0,-0.7937884968614135,0.7937884968614135,0.044610426666666696,-0.2597001534336439
9,NC_014328.1.region001,1.0,15.02638827677391,15.0,0.3,17.793788496861414,18.0,-2.7937884968614135,2.7937884968614135,0.15700920000000002,-0.9140310097271803
10,NC_014328.1.region005,1.0,16.774118845815387,15.0,0.3,17.793788496861414,18.0,-2.7937884968614135,2.7937884968614135,0.15700920000000002,-0.9140310097271803
11,NZ_LT906470.1.region002,1.0,15.446069923134145,14.0,0.3,17.793788496861414,18.0,-3.7937884968614135,3.7937884968614135,0.2132085866666667,-1.2411964378739484
12,NZ_LT906470.1.region003,1.0,14.81129735935706,15.0,0.3,17.793788496861414,18.0,-2.7937884968614135,2.7937884968614135,0.15700920000000002,-0.9140310097271803
13,NC_014328.1.region002,1.0,16.257602016700805,16.0,0.3,17.793788496861414,18.0,-1.7937884968614135,1.7937884968614135,0.10080981333333336,-0.5868655815804121
14,NZ_LT906445.1.region001,1.0,15.040699815837938,15.0,0.3,17.793788496861414,18.0,-2.7937884968614135,2.7937884968614135,0.15700920000000002,-0.9140310097271803
15,NZ_CP020566.1.region001,1.0,14.775746972975462,15.0,0.3,17.793788496861414,18.0,-2.7937884968614135,2.7937884968614135,0.15700920000000002,-0.9140310097271803
0,NC_014328.1.region004,0.2511646840653128,1.3610660904015848,1.0,0.005,0.2965631416143569,0.0,0.7034368583856432,0.7034368583856432,2.3719632,0.2301402209479565
1,NZ_CP053893.1.region001,0.2499420249524604,1.2124698459825571,1.0,0.005,0.2965631416143569,0.0,0.7034368583856432,0.7034368583856432,2.3719632,0.2301402209479565
2,NZ_LT906470.1.region001,0.2573576880720009,1.250405784270326,1.0,0.005,0.2965631416143569,0.0,0.7034368583856432,0.7034368583856432,2.3719632,0.2301402209479565
3,NZ_CP053893.1.region004,0.2495152566588427,1.1572597137014315,1.0,0.005,0.2965631416143569,0.0,0.7034368583856432,0.7034368583856432,2.3719632,0.2301402209479565
4,NZ_CP053893.1.region003,0.1838776110620771,1.2248,1.0,0.005,0.2965631416143569,0.0,0.7034368583856432,0.7034368583856432,2.3719632,0.2301402209479565
5,NZ_CP053893.1.region002,0.3873452129266083,3.584535412605588,3.0,0.005,0.2965631416143569,0.0,2.703436858385643,2.703436858385643,9.1158896,0.8844710772414928
6,NZ_CP053893.1.region005,0.237946698970321,1.1764032073310424,1.0,0.005,0.2965631416143569,0.0,0.7034368583856432,0.7034368583856432,2.3719632,0.2301402209479565
7,NC_014328.1.region003,0.242289899768697,1.2042561654733492,1.0,0.005,0.2965631416143569,0.0,0.7034368583856432,0.7034368583856432,2.3719632,0.2301402209479565
8,NZ_CP053893.1.region006,0.1889210019267822,1.2768995410504844,1.0,0.005,0.2965631416143569,0.0,0.7034368583856432,0.7034368583856432,2.3719632,0.2301402209479565
9,NC_014328.1.region001,0.1686866460996033,1.1143043762246898,1.0,0.005,0.2965631416143569,0.0,0.7034368583856432,0.7034368583856432,2.3719632,0.2301402209479565
10,NC_014328.1.region005,0.2146264647306748,1.1924902891670264,1.0,0.005,0.2965631416143569,0.0,0.7034368583856432,0.7034368583856432,2.3719632,0.2301402209479565
11,NZ_LT906470.1.region002,0.2734626828663526,1.2793834296724471,1.0,0.005,0.2965631416143569,0.0,0.7034368583856432,0.7034368583856432,2.3719632,0.2301402209479565
12,NZ_LT906470.1.region003,0.27150401836969,1.2393437077131255,1.0,0.005,0.2965631416143569,0.0,0.7034368583856432,0.7034368583856432,2.3719632,0.2301402209479565
13,NC_014328.1.region002,0.1707368310487894,1.2648415872039374,1.0,0.005,0.2965631416143569,0.0,0.7034368583856432,0.7034368583856432,2.3719632,0.2301402209479565
14,NZ_LT906445.1.region001,0.1851749539594843,1.233217304823471,1.0,0.005,0.2965631416143569,0.0,0.7034368583856432,0.7034368583856432,2.3719632,0.2301402209479565
15,NZ_CP020566.1.region001,0.2040421711707564,1.108980144404332,1.0,0.005,0.2965631416143569,0.0,0.7034368583856432,0.7034368583856432,2.3719632,0.2301402209479565
0,NC_014328.1.region004,0.3467818535438057,1.268944828485718,1.0,0.008,0.474501026582971,0.0,0.525498973417029,0.525498973417029,1.107477,0.17192509662866945
1,NZ_CP053893.1.region001,0.2597282129771346,1.2155357142857144,1.0,0.008,0.474501026582971,0.0,0.525498973417029,0.525498973417029,1.107477,0.17192509662866945
2,NZ_LT906470.1.region001,0.3749287965670451,1.2600020257267297,1.0,0.008,0.474501026582971,0.0,0.525498973417029,0.525498973417029,1.107477,0.17192509662866945
3,NZ_CP053893.1.region004,0.2134401469537707,1.2644035381305283,1.0,0.008,0.474501026582971,0.0,0.525498973417029,0.525498973417029,1.107477,0.17192509662866945
4,NZ_CP053893.1.region003,0.2629204668039619,1.2461767997016038,1.0,0.008,0.474501026582971,0.0,0.525498973417029,0.525498973417029,1.107477,0.17192509662866945
5,NZ_CP053893.1.region002,0.5070975536091815,4.9097677188802855,2.0,0.008,0.474501026582971,0.0,1.525498973417029,1.525498973417029,3.214954,0.49909052477543764
6,NZ_CP053893.1.region005,0.2838128407026045,1.2949367763965214,1.0,0.008,0.474501026582971,0.0,0.525498973417029,0.525498973417029,1.107477,0.17192509662866945
7,NC_014328.1.region003,0.270287201233616,1.3303619183455162,1.0,0.008,0.474501026582971,0.0,0.525498973417029,0.525498973417029,1.107477,0.17192509662866945
8,NZ_CP053893.1.region006,0.3640173410404624,1.2915177980680164,1.0,0.008,0.474501026582971,0.0,0.525498973417029,0.525498973417029,1.107477,0.17192509662866945
9,NC_014328.1.region001,0.2790877038342882,1.2013422818791946,1.0,0.008,0.474501026582971,0.0,0.525498973417029,0.525498973417029,1.107477,0.17192509662866945
10,NC_014328.1.region005,0.2759019962021212,1.349336914554306,1.0,0.008,0.474501026582971,0.0,0.525498973417029,0.525498973417029,1.107477,0.17192509662866945
11,NZ_LT906470.1.region002,0.3055417803124225,1.1472915398660986,1.0,0.008,0.474501026582971,0.0,0.525498973417029,0.525498973417029,1.107477,0.17192509662866945
12,NZ_LT906470.1.region003,0.2471641791044776,1.3821999256781865,1.0,0.008,0.474501026582971,0.0,0.525498973417029,0.525498973417029,1.107477,0.17192509662866945
13,NC_014328.1.region002,0.2437371986765401,1.2480068950657186,1.0,0.008,0.474501026582971,0.0,0.525498973417029,0.525498973417029,1.107477,0.17192509662866945
14,NZ_LT906445.1.region001,0.298756906077348,1.2236091847742334,1.0,0.008,0.474501026582971,0.0,0.525498973417029,0.525498973417029,1.107477,0.17192509662866945
15,NZ_CP020566.1.region001,0.3280696100547857,1.344092057255122,1.0,0.008,0.474501026582971,0.0,0.525498973417029,0.525498973417029,1.107477,0.17192509662866945
0,NC_014328.1.region004,0.9294404993441584,3.542070173731082,3.0,0.06,3.5587576993722827,4.0,-0.5587576993722827,0.5587576993722827,0.15700920000000002,-0.18280620194543606
1,NZ_CP053893.1.region001,0.9291776819256992,3.2311071178995707,3.0,0.06,3.5587576993722827,4.0,-0.5587576993722827,0.5587576993722827,0.15700920000000002,-0.18280620194543606
2,NZ_LT906470.1.region001,0.954581703565868,3.398018856665473,3.0,0.06,3.5587576993722827,4.0,-0.5587576993722827,0.5587576993722827,0.15700920000000002,-0.18280620194543606
3,NZ_CP053893.1.region004,0.9337687519134604,3.434863387978142,3.0,0.06,3.5587576993722827,4.0,-0.5587576993722827,0.5587576993722827,0.15700920000000002,-0.18280620194543606
4,NZ_CP053893.1.region003,0.9635677159949004,3.5376825606839346,3.0,0.06,3.5587576993722827,4.0,-0.5587576993722827,0.5587576993722827,0.15700920000000002,-0.18280620194543606
5,NZ_CP053893.1.region002,0.968086177388503,18.11626455906822,4.0,0.06,3.5587576993722827,4.0,0.4412423006277173,0.4412423006277173,0.1239877333333333,0.14435922620133212
6,NZ_CP053893.1.region005,0.94156571774682,3.2057380871970538,3.0,0.06,3.5587576993722827,4.0,-0.5587576993722827,0.5587576993722827,0.15700920000000002,-0.18280620194543606
7,NC_014328.1.region003,0.9478122590593676,3.3805989119934923,3.0,0.06,3.5587576993722827,4.0,-0.5587576993722827,0.5587576993722827,0.15700920000000002,-0.18280620194543606
8,NZ_CP053893.1.region006,0.964980732177264,3.8929765886287626,4.0,0.06,3.5587576993722827,4.0,0.4412423006277173,0.4412423006277173,0.1239877333333333,0.14435922620133212
9,NC_014328.1.region001,0.9308065226972234,3.212180397727273,3.0,0.06,3.5587576993722827,4.0,-0.5587576993722827,0.5587576993722827,0.15700920000000002,-0.18280620194543606
10,NC_014328.1.region005,0.9445139178361356,3.6615505320453097,3.0,0.06,3.5587576993722827,4.0,-0.5587576993722827,0.5587576993722827,0.15700920000000002,-0.18280620194543606
11,NZ_LT906470.1.region002,0.9538494916935284,3.23821283509342,3.0,0.06,3.5587576993722827,4.0,-0.5587576993722827,0.5587576993722827,0.15700920000000002,-0.18280620194543606
12,NZ_LT906470.1.region003,0.9435132032146958,3.1030907763446094,3.0,0.06,3.5587576993722827,4.0,-0.5587576993722827,0.5587576993722827,0.15700920000000002,-0.18280620194543606
13,NC_014328.1.region002,0.9681739404443044,3.399294819636561,3.0,0.06,3.5587576993722827,4.0,-0.5587576993722827,0.5587576993722827,0.15700920000000002,-0.18280620194543606
14,NZ_LT906445.1.region001,0.9321362799263352,3.275856959399388,3.0,0.06,3.5587576993722827,4.0,-0.5587576993722827,0.5587576993722827,0.15700920000000002,-0.18280620194543606
15,NZ_CP020566.1.region001,0.9443856176050828,3.321503436844928,3.0,0.06,3.5587576993722827,4.0,-0.5587576993722827,0.5587576993722827,0.15700920000000002,-0.18280620194543606
0,NC_014328.1.region004,0.0599303451083269,1.4158490566037736,1.0,0.003,0.17793788496861412,0.0,0.8220621150313858,0.8220621150313858,4.619938666666666,0.26895030382748114
1,NZ_CP053893.1.region001,0.1362181716989008,1.1896493020088523,1.0,0.003,0.17793788496861412,0.0,0.8220621150313858,0.8220621150313858,4.619938666666666,0.26895030382748114
2,NZ_LT906470.1.region001,0.0900011392549272,1.054008438818565,1.0,0.003,0.17793788496861412,0.0,0.8220621150313858,0.8220621150313858,4.619938666666666,0.26895030382748114
3,NZ_CP053893.1.region004,0.0921522604347382,1.1954595791805094,1.0,0.003,0.17793788496861412,0.0,0.8220621150313858,0.8220621150313858,4.619938666666666,0.26895030382748114
4,NZ_CP053893.1.region003,0.176522506619594,1.1808333333333334,1.0,0.003,0.17793788496861412,0.0,0.8220621150313858,0.8220621150313858,4.619938666666666,0.26895030382748114
5,NZ_CP053893.1.region002,0.2791201047015,2.5386834986474303,2.0,0.003,0.17793788496861412,0.0,1.8220621150313858,1.8220621150313858,10.239877333333334,0.5961157319742494
6,NZ_CP053893.1.region005,0.1191096305269533,1.1292906178489703,1.0,0.003,0.17793788496861412,0.0,0.8220621150313858,0.8220621150313858,4.619938666666666,0.26895030382748114
7,NC_014328.1.region003,0.1908249807247494,1.1603535353535352,1.0,0.003,0.17793788496861412,0.0,0.8220621150313858,0.8220621150313858,4.619938666666666,0.26895030382748114
8,NZ_CP053893.1.region006,0.1052023121387283,1.281135531135531,1.0,0.003,0.17793788496861412,0.0,0.8220621150313858,0.8220621150313858,4.619938666666666,0.26895030382748114
9,NC_014328.1.region001,0.1165711767298369,1.1053875236294897,1.0,0.003,0.17793788496861412,0.0,0.8220621150313858,0.8220621150313858,4.619938666666666,0.26895030382748114
10,NC_014328.1.region005,0.150710944374971,1.3552550706822373,1.0,0.003,0.17793788496861412,0.0,0.8220621150313858,0.8220621150313858,4.619938666666666,0.26895030382748114
11,NZ_LT906470.1.region002,0.1344842548970989,1.1359760313436276,1.0,0.003,0.17793788496861412,0.0,0.8220621150313858,0.8220621150313858,4.619938666666666,0.26895030382748114
12,NZ_LT906470.1.region003,0.0760964408725602,1.1852745926372965,1.0,0.003,0.17793788496861412,0.0,0.8220621150313858,0.8220621150313858,4.619938666666666,0.26895030382748114
13,NC_014328.1.region002,0.0966335801691087,1.0820652173913043,1.0,0.003,0.17793788496861412,0.0,0.8220621150313858,0.8220621150313858,4.619938666666666,0.26895030382748114
14,NZ_LT906445.1.region001,0.1628453038674033,1.127791914051456,1.0,0.003,0.17793788496861412,0.0,0.8220621150313858,0.8220621150313858,4.619938666666666,0.26895030382748114
15,NZ_CP020566.1.region001,0.1733805994199162,1.0685077004779606,1.0,0.003,0.17793788496861412,0.0,0.8220621150313858,0.8220621150313858,4.619938666666666,0.26895030382748114
0,NC_014328.1.region004,1.0,23.02890225699941,21.0,0.4,23.72505132914855,24.0,-2.725051329148549,2.725051329148549,0.11485965999999993,-0.8915425848228048
1,NZ_CP053893.1.region001,1.0,19.63791104308705,19.0,0.4,23.72505132914855,24.0,-4.725051329148549,4.725051329148549,0.19915873999999995,-1.545873441116341
2,NZ_LT906470.1.region001,1.0,21.23324345877796,20.0,0.4,23.72505132914855,24.0,-3.725051329148549,3.725051329148549,0.15700919999999993,-1.2187080129695729
3,NZ_CP053893.1.region004,1.0,21.85452597203796,20.0,0.4,23.72505132914855,24.0,-3.725051329148549,3.725051329148549,0.15700919999999993,-1.2187080129695729
4,NZ_CP053893.1.region003,1.0,20.040256938315192,19.0,0.4,23.72505132914855,24.0,-4.725051329148549,4.725051329148549,0.19915873999999995,-1.545873441116341
5,NZ_CP053893.1.region002,1.0,110.51031913822612,21.0,0.4,23.72505132914855,24.0,-2.725051329148549,2.725051329148549,0.11485965999999993,-0.8915425848228048
6,NZ_CP053893.1.region005,1.0,19.714476075106,20.0,0.4,23.72505132914855,24.0,-3.725051329148549,3.725051329148549,0.15700919999999993,-1.2187080129695729
7,NC_014328.1.region003,1.0,20.90564764841943,20.0,0.4,23.72505132914855,24.0,-3.725051329148549,3.725051329148549,0.15700919999999993,-1.2187080129695729
8,NZ_CP053893.1.region006,1.0,24.87394026974952,21.0,0.4,23.72505132914855,24.0,-2.725051329148549,2.725051329148549,0.11485965999999993,-0.8915425848228048
9,NC_014328.1.region001,1.0,20.191273688849712,20.0,0.4,23.72505132914855,24.0,-3.725051329148549,3.725051329148549,0.15700919999999993,-1.2187080129695729
10,NC_014328.1.region005,1.0,22.18303922930851,20.0,0.4,23.72505132914855,24.0,-3.725051329148549,3.725051329148549,0.15700919999999993,-1.2187080129695729
11,NZ_LT906470.1.region002,1.0,21.0046491445574,19.0,0.4,23.72505132914855,24.0,-4.725051329148549,4.725051329148549,0.19915873999999995,-1.545873441116341
12,NZ_LT906470.1.region003,1.0,19.5494374282434,19.0,0.4,23.72505132914855,24.0,-4.725051329148549,4.725051329148549,0.19915873999999995,-1.545873441116341
13,NC_014328.1.region002,1.0,19.5230292526653,19.0,0.4,23.72505132914855,24.0,-4.725051329148549,4.725051329148549,0.19915873999999995,-1.545873441116341
14,NZ_LT906445.1.region001,1.0,19.85013812154696,19.0,0.4,23.72505132914855,24.0,-4.725051329148549,4.725051329148549,0.19915873999999995,-1.545873441116341
15,NZ_CP020566.1.region001,1.0,20.760139956723908,21.0,0.4,23.72505132914855,24.0,-2.725051329148549,2.725051329148549,0.11485965999999993,-0.8915425848228048
