,Contig,count,Depth avg,std,min,25%,Depth median,75%,max,count_nonzero,count_unique,count_unique_nonzero,sample,dataset,ncbi,region,id,distribution,genome_size,weighted_dist,readshare,expected_average_coverage,simulation_error,readsGB
244,NC_014328.1.region001,18132.0,2.623483344363556,2.0259270437850683,0.0,1.0,2.0,3.0,79.0,16905,18086,16859,sample_3,0_1GB,NC_014328_1,region001,Genome1,0.1092292775,4630065,505738.6547280375,15730675.732292067,3.3975064566679016,0.0,0.1
260,NC_014328.1.region001,18132.0,6.027906463710567,4.270743737648075,0.0,4.0,6.0,8.0,229.0,18108,18086,18062,sample_0,0_1GB,NC_014328_1,region001,Genome1,0.2515490305,4630065,1164688.3619019825,33140702.370593585,7.157718600191052,0.0,0.1
276,NC_014328.1.region001,18132.0,4.400617692477388,3.108271012812015,0.0,3.0,4.0,6.0,157.0,17805,18086,17759,sample_2,0_1GB,NC_014328_1,region001,Genome1,0.195598646,4630065,905634.44489199,28079696.11847128,6.064644042464042,0.0,0.1
292,NC_014328.1.region001,18132.0,5.394661372159717,3.603353979846833,0.0,4.0,5.0,7.0,184.0,18119,18086,18073,sample_4,0_1GB,NC_014328_1,region001,Genome1,0.2389941083761005,4630065,1106558.2563983898,31375539.322961267,6.776479233652501,0.0,0.1
308,NC_014328.1.region001,18132.0,3.0272998014559893,2.6589815576981017,0.0,2.0,3.0,4.0,122.0,16966,18086,16920,sample_1,0_1GB,NC_014328_1,region001,Genome1,0.1374143275,4630065,636237.2682562874,19346764.32379205,4.178508147032937,0.0,0.1
243,NC_014328.1.region002,19021.0,2.117501708637821,1.7618814578047413,0.0,1.0,2.0,3.0,13.0,15479,19019,15477,sample_3,0_1GB,NC_014328_1,region002,Genome1,0.1092292775,4630065,505738.6547280375,15730675.732292067,3.3975064566679016,0.0,0.1
259,NC_014328.1.region002,19021.0,5.069659849639872,3.067542341995899,0.0,3.0,5.0,7.0,23.0,18878,19019,18876,sample_0,0_1GB,NC_014328_1,region002,Genome1,0.2515490305,4630065,1164688.3619019825,33140702.370593585,7.157718600191052,0.0,0.1
275,NC_014328.1.region002,19021.0,4.63771620840124,2.5552620126548407,0.0,3.0,4.0,6.0,24.0,18999,19019,18997,sample_2,0_1GB,NC_014328_1,region002,Genome1,0.195598646,4630065,905634.44489199,28079696.11847128,6.064644042464042,0.0,0.1
291,NC_014328.1.region002,19021.0,5.173965616949687,2.74661963899253,0.0,3.0,5.0,7.0,20.0,18894,19019,18892,sample_4,0_1GB,NC_014328_1,region002,Genome1,0.2389941083761005,4630065,1106558.2563983898,31375539.322961267,6.776479233652501,0.0,0.1
307,NC_014328.1.region002,19021.0,3.0693444088113138,2.345538919874546,0.0,2.0,3.0,4.0,20.0,17654,19019,17652,sample_1,0_1GB,NC_014328_1,region002,Genome1,0.1374143275,4630065,636237.2682562874,19346764.32379205,4.178508147032937,0.0,0.1
240,NC_014328.1.region003,20732.0,2.4068589619911247,1.962053117587664,0.0,1.0,2.0,4.0,16.0,17593,20725,17586,sample_3,0_1GB,NC_014328_1,region003,Genome1,0.1092292775,4630065,505738.6547280375,15730675.732292067,3.3975064566679016,0.0,0.1
256,NC_014328.1.region003,20732.0,5.855778506656376,3.0030677297779174,0.0,4.0,5.0,7.0,26.0,20703,20725,20696,sample_0,0_1GB,NC_014328_1,region003,Genome1,0.2515490305,4630065,1164688.3619019825,33140702.370593585,7.157718600191052,0.0,0.1
272,NC_014328.1.region003,20732.0,4.328236542542929,2.492953267090359,0.0,3.0,4.0,5.0,24.0,20448,20725,20441,sample_2,0_1GB,NC_014328_1,region003,Genome1,0.195598646,4630065,905634.44489199,28079696.11847128,6.064644042464042,0.0,0.1
288,NC_014328.1.region003,20732.0,5.194385491028362,2.8875223413629767,0.0,3.0,5.0,7.0,24.0,20266,20725,20259,sample_4,0_1GB,NC_014328_1,region003,Genome1,0.2389941083761005,4630065,1106558.2563983898,31375539.322961267,6.776479233652501,0.0,0.1
304,NC_014328.1.region003,20732.0,3.020065599073896,2.3471934508455887,0.0,2.0,3.0,4.0,20.0,19241,20725,19234,sample_1,0_1GB,NC_014328_1,region003,Genome1,0.1374143275,4630065,636237.2682562874,19346764.32379205,4.178508147032937,0.0,0.1
242,NC_014328.1.region004,22089.0,3.013038163791933,4.22083836500232,0.0,2.0,3.0,4.0,94.0,20689,22066,20666,sample_3,0_1GB,NC_014328_1,region004,Genome1,0.1092292775,4630065,505738.6547280375,15730675.732292067,3.3975064566679016,0.0,0.1
258,NC_014328.1.region004,22089.0,5.743990221377156,10.714655482934797,0.0,3.0,5.0,6.0,228.0,21908,22066,21885,sample_0,0_1GB,NC_014328_1,region004,Genome1,0.2515490305,4630065,1164688.3619019825,33140702.370593585,7.157718600191052,0.0,0.1
274,NC_014328.1.region004,22089.0,4.720947077730997,8.065704685677325,0.0,3.0,4.0,6.0,191.0,21457,22066,21434,sample_2,0_1GB,NC_014328_1,region004,Genome1,0.195598646,4630065,905634.44489199,28079696.11847128,6.064644042464042,0.0,0.1
290,NC_014328.1.region004,22089.0,5.887862737108969,9.433681757567928,0.0,4.0,5.0,7.0,201.0,21941,22066,21918,sample_4,0_1GB,NC_014328_1,region004,Genome1,0.2389941083761005,4630065,1106558.2563983898,31375539.322961267,6.776479233652501,0.0,0.1
306,NC_014328.1.region004,22089.0,3.3436099415998912,6.728023369990969,0.0,2.0,3.0,4.0,153.0,20721,22066,20698,sample_1,0_1GB,NC_014328_1,region004,Genome1,0.1374143275,4630065,636237.2682562874,19346764.32379205,4.178508147032937,0.0,0.1
241,NC_014328.1.region005,21571.0,2.4261276714106903,4.59341324818821,0.0,1.0,2.0,3.0,104.0,18199,21570,18199,sample_3,0_1GB,NC_014328_1,region005,Genome1,0.1092292775,4630065,505738.6547280375,15730675.732292067,3.3975064566679016,0.0,0.1
257,NC_014328.1.region005,21571.0,6.010801539103426,10.547159879004374,0.0,4.0,5.0,7.0,228.0,21420,21570,21419,sample_0,0_1GB,NC_014328_1,region005,Genome1,0.2515490305,4630065,1164688.3619019825,33140702.370593585,7.157718600191052,0.0,0.1
273,NC_014328.1.region005,21571.0,4.487228223077279,8.15109183870335,0.0,2.0,4.0,5.0,191.0,21369,21570,21368,sample_2,0_1GB,NC_014328_1,region005,Genome1,0.195598646,4630065,905634.44489199,28079696.11847128,6.064644042464042,0.0,0.1
289,NC_014328.1.region005,21571.0,5.309767743730008,9.52063403903128,0.0,3.0,4.0,6.0,209.0,21158,21570,21157,sample_4,0_1GB,NC_014328_1,region005,Genome1,0.2389941083761005,4630065,1106558.2563983898,31375539.322961267,6.776479233652501,0.0,0.1
305,NC_014328.1.region005,21571.0,3.1525659450187757,6.663064298423081,0.0,1.0,2.0,4.0,153.0,20053,21570,20052,sample_1,0_1GB,NC_014328_1,region005,Genome1,0.1374143275,4630065,636237.2682562874,19346764.32379205,4.178508147032937,0.0,0.1
251,NZ_CP020566.1.region001,21701.0,9.520759412008664,5.395654070809042,1.0,6.0,8.0,11.0,43.0,21701,21701,21701,sample_3,0_1GB,NZ_CP020566_1,region001,Genome2,0.1649276682,2071952,341722.21198232635,10629049.721552826,5.129969092697527,0.0,0.1
267,NZ_CP020566.1.region001,21701.0,8.427583982304963,3.732244899799854,1.0,6.0,8.0,10.0,35.0,21701,21701,21701,sample_0,0_1GB,NZ_CP020566_1,region001,Genome2,0.1554516828,2071952,322088.4250808256,9164886.489623211,4.423310235769561,0.0,0.1
283,NZ_CP020566.1.region001,21701.0,11.928252154278605,4.659618111981363,4.0,9.0,11.0,14.0,39.0,21701,21701,21701,sample_2,0_1GB,NZ_CP020566_1,region001,Genome2,0.2322703001,2071952,481252.9128327952,14921512.34385272,7.201668930483294,0.0,0.1
299,NZ_CP020566.1.region001,21701.0,12.030275102529837,4.046589901082316,2.0,9.0,12.0,14.0,36.0,21701,21701,21701,sample_4,0_1GB,NZ_CP020566_1,region001,Genome2,0.2205411809779459,2071952,456950.7410096169,12956458.334030814,6.253261819786759,0.0,0.1
315,NZ_CP020566.1.region001,21701.0,10.418782544583198,5.080731215901632,1.0,7.0,10.0,12.0,39.0,21701,21701,21701,sample_1,0_1GB,NZ_CP020566_1,region001,Genome2,0.1954463896,2071952,404955.5378244992,12313927.119322946,5.943152698191342,0.0,0.1
250,NZ_CP053893.1.region001,21541.0,3.1154078269346828,1.8387288227153988,0.0,2.0,3.0,4.0,14.0,20110,21538,20107,sample_3,0_1GB,NZ_CP053893_1,region001,Genome3,0.218306748,5984367,1306427.698608516,40635593.70510549,6.790291054192614,0.0,0.1
266,NZ_CP053893.1.region001,21541.0,3.4266747133373565,2.0240824085373816,0.0,2.0,3.0,5.0,14.0,20454,21538,20451,sample_0,0_1GB,NZ_CP053893_1,region001,Genome3,0.2042639969,5984367,1222390.7223364622,34782598.019071564,5.812243470206885,0.0,0.1
282,NZ_CP053893.1.region001,21541.0,2.7186760131841603,1.568065368237791,0.0,2.0,3.0,4.0,14.0,20679,21538,20676,sample_2,0_1GB,NZ_CP053893_1,region001,Genome3,0.165567164,5984367,990814.672525188,30720756.11870975,5.133501357572112,0.0,0.1
298,NZ_CP053893.1.region001,21541.0,3.4835430110022747,1.840247147391278,0.0,2.0,3.0,5.0,14.0,20845,21538,20842,sample_4,0_1GB,NZ_CP053893_1,region001,Genome3,0.2148141032785186,5984367,1285526.4307945585,36450033.10659804,6.090875293343146,0.0,0.1
314,NZ_CP053893.1.region001,21541.0,3.384476115314981,1.8861732248693368,0.0,2.0,3.0,4.0,13.0,21197,21538,21194,sample_1,0_1GB,NZ_CP053893_1,region001,Genome3,0.2205560161,5984367,1319888.1444003086,40135286.21714411,6.706688646793238,0.0,0.1
245,NZ_CP053893.1.region002,19846.0,17.574624609493096,33.183371652727224,0.0,2.0,4.0,8.0,233.0,19453,19844,19451,sample_3,0_1GB,NZ_CP053893_1,region002,Genome3,0.218306748,5984367,1306427.698608516,40635593.70510549,6.790291054192614,0.0,0.1
261,NZ_CP053893.1.region002,19846.0,17.252998085256475,34.161049588315066,0.0,2.0,3.0,7.0,246.0,18836,19844,18836,sample_0,0_1GB,NZ_CP053893_1,region002,Genome3,0.2042639969,5984367,1222390.7223364622,34782598.019071564,5.812243470206885,0.0,0.1
277,NZ_CP053893.1.region002,19846.0,14.600070543182506,30.576461007530835,0.0,2.0,3.0,7.0,227.0,17940,19844,17940,sample_2,0_1GB,NZ_CP053893_1,region002,Genome3,0.165567164,5984367,990814.672525188,30720756.11870975,5.133501357572112,0.0,0.1
293,NZ_CP053893.1.region002,19846.0,18.63750881789781,34.51475833800876,0.0,3.0,4.0,8.0,229.0,19400,19844,19398,sample_4,0_1GB,NZ_CP053893_1,region002,Genome3,0.2148141032785186,5984367,1285526.4307945585,36450033.10659804,6.090875293343146,0.0,0.1
309,NZ_CP053893.1.region002,19846.0,18.0293258087272,33.609169324076866,0.0,3.0,4.0,7.0,236.0,19437,19844,19435,sample_1,0_1GB,NZ_CP053893_1,region002,Genome3,0.2205560161,5984367,1319888.1444003086,40135286.21714411,6.706688646793238,0.0,0.1
249,NZ_CP053893.1.region003,20374.0,3.8637969961715912,3.803595143612205,0.0,2.0,3.0,5.0,106.0,19895,20341,19862,sample_3,0_1GB,NZ_CP053893_1,region003,Genome3,0.218306748,5984367,1306427.698608516,40635593.70510549,6.790291054192614,0.0,0.1
265,NZ_CP053893.1.region003,20374.0,3.3557966035142828,3.9055243972867526,0.0,2.0,3.0,4.0,111.0,19126,20341,19093,sample_0,0_1GB,NZ_CP053893_1,region003,Genome3,0.2042639969,5984367,1222390.7223364622,34782598.019071564,5.812243470206885,0.0,0.1
281,NZ_CP053893.1.region003,20374.0,3.065377441837636,3.426410580165804,0.0,2.0,3.0,4.0,92.0,19115,20341,19082,sample_2,0_1GB,NZ_CP053893_1,region003,Genome3,0.165567164,5984367,990814.672525188,30720756.11870975,5.133501357572112,0.0,0.1
297,NZ_CP053893.1.region003,20374.0,3.73667419259841,3.612808582799697,0.0,2.0,3.0,5.0,110.0,19192,20341,19159,sample_4,0_1GB,NZ_CP053893_1,region003,Genome3,0.2148141032785186,5984367,1285526.4307945585,36450033.10659804,6.090875293343146,0.0,0.1
313,NZ_CP053893.1.region003,20374.0,3.9289290271915194,4.079566769741872,0.0,2.0,3.0,5.0,126.0,19698,20341,19665,sample_1,0_1GB,NZ_CP053893_1,region003,Genome3,0.2205560161,5984367,1319888.1444003086,40135286.21714411,6.706688646793238,0.0,0.1
247,NZ_CP053893.1.region004,19578.0,4.226580856062927,2.004271977911091,0.0,3.0,4.0,5.0,15.0,19348,19578,19348,sample_3,0_1GB,NZ_CP053893_1,region004,Genome3,0.218306748,5984367,1306427.698608516,40635593.70510549,6.790291054192614,0.0,0.1
263,NZ_CP053893.1.region004,19578.0,3.941005209929513,2.464840476942051,0.0,2.0,4.0,5.0,17.0,19025,19578,19025,sample_0,0_1GB,NZ_CP053893_1,region004,Genome3,0.2042639969,5984367,1222390.7223364622,34782598.019071564,5.812243470206885,0.0,0.1
279,NZ_CP053893.1.region004,19578.0,3.013024823781796,1.9185498594932455,0.0,2.0,3.0,4.0,14.0,18042,19578,18042,sample_2,0_1GB,NZ_CP053893_1,region004,Genome3,0.165567164,5984367,990814.672525188,30720756.11870975,5.133501357572112,0.0,0.1
295,NZ_CP053893.1.region004,19578.0,3.737205026049648,2.305175388776388,0.0,2.0,3.0,5.0,18.0,18295,19578,18295,sample_4,0_1GB,NZ_CP053893_1,region004,Genome3,0.2148141032785186,5984367,1285526.4307945585,36450033.10659804,6.090875293343146,0.0,0.1
311,NZ_CP053893.1.region004,19578.0,3.965216058841557,2.277335042959905,0.0,2.0,4.0,5.0,14.0,19036,19578,19036,sample_1,0_1GB,NZ_CP053893_1,region004,Genome3,0.2205560161,5984367,1319888.1444003086,40135286.21714411,6.706688646793238,0.0,0.1
246,NZ_CP053893.1.region005,66020.0,3.497500757346258,2.0108409272165404,0.0,2.0,3.0,5.0,17.0,63887,65902,63769,sample_3,0_1GB,NZ_CP053893_1,region005,Genome3,0.218306748,5984367,1306427.698608516,40635593.70510549,6.790291054192614,0.0,0.1
262,NZ_CP053893.1.region005,66020.0,3.2021054225992125,1.9373013006854327,0.0,2.0,3.0,4.0,25.0,62534,65902,62417,sample_0,0_1GB,NZ_CP053893_1,region005,Genome3,0.2042639969,5984367,1222390.7223364622,34782598.019071564,5.812243470206885,0.0,0.1
278,NZ_CP053893.1.region005,66020.0,2.671251136019388,1.79442594573155,0.0,1.0,2.0,4.0,14.0,59954,65902,59849,sample_2,0_1GB,NZ_CP053893_1,region005,Genome3,0.165567164,5984367,990814.672525188,30720756.11870975,5.133501357572112,0.0,0.1
294,NZ_CP053893.1.region005,66020.0,3.4621629809148744,2.0501833670443754,0.0,2.0,3.0,5.0,15.0,62871,65902,62758,sample_4,0_1GB,NZ_CP053893_1,region005,Genome3,0.2148141032785186,5984367,1285526.4307945585,36450033.10659804,6.090875293343146,0.0,0.1
310,NZ_CP053893.1.region005,66020.0,3.6711451075431687,2.078436013845353,0.0,2.0,3.0,5.0,23.0,64198,65902,64081,sample_1,0_1GB,NZ_CP053893_1,region005,Genome3,0.2205560161,5984367,1319888.1444003086,40135286.21714411,6.706688646793238,0.0,0.1
248,NZ_CP053893.1.region006,20740.0,4.842044358727097,2.841697821287079,0.0,3.0,4.0,6.0,21.0,20459,20740,20459,sample_3,0_1GB,NZ_CP053893_1,region006,Genome3,0.218306748,5984367,1306427.698608516,40635593.70510549,6.790291054192614,0.0,0.1
264,NZ_CP053893.1.region006,20740.0,4.305785920925747,2.8143336295407857,0.0,2.0,4.0,6.0,20.0,20162,20740,20162,sample_0,0_1GB,NZ_CP053893_1,region006,Genome3,0.2042639969,5984367,1222390.7223364622,34782598.019071564,5.812243470206885,0.0,0.1
280,NZ_CP053893.1.region006,20740.0,3.271552555448409,2.1355147305647804,0.0,2.0,3.0,5.0,14.0,19463,20740,19463,sample_2,0_1GB,NZ_CP053893_1,region006,Genome3,0.165567164,5984367,990814.672525188,30720756.11870975,5.133501357572112,0.0,0.1
296,NZ_CP053893.1.region006,20740.0,4.207714561234329,2.756763974181399,0.0,2.0,4.0,5.0,16.0,19780,20740,19780,sample_4,0_1GB,NZ_CP053893_1,region006,Genome3,0.2148141032785186,5984367,1285526.4307945585,36450033.10659804,6.090875293343146,0.0,0.1
312,NZ_CP053893.1.region006,20740.0,4.586451301832208,2.650221661465705,0.0,3.0,4.0,6.0,15.0,20275,20740,20275,sample_1,0_1GB,NZ_CP053893_1,region006,Genome3,0.2205560161,5984367,1319888.1444003086,40135286.21714411,6.706688646793238,0.0,0.1
255,NZ_LT906445.1.region001,21700.0,13.839447004608296,4.780651711134572,1.0,11.0,13.0,16.0,43.0,21700,21700,21700,sample_3,0_1GB,NZ_LT906445_1,region001,Genome4,0.2759026777,2132142,588263.6870366334,18297563.809576858,8.58177542095079,0.0,0.1
271,NZ_LT906445.1.region001,21700.0,6.6981566820276495,4.104924415250349,0.0,4.0,6.0,8.0,35.0,21574,21700,21574,sample_0,0_1GB,NZ_LT906445_1,region001,Genome4,0.1286205744,2132142,274237.3287423648,7803304.289840754,3.659842679259053,0.0,0.1
287,NZ_LT906445.1.region001,21700.0,9.949493087557604,5.250184147999723,1.0,6.0,9.0,12.0,39.0,21700,21700,21700,sample_2,0_1GB,NZ_LT906445_1,region001,Genome4,0.1938533263,2132142,413322.81884393457,12815302.263985572,6.010529441278101,0.0,0.1
303,NZ_LT906445.1.region001,21700.0,7.626912442396313,4.608101050003932,0.0,5.0,7.0,9.0,36.0,21672,21700,21672,sample_4,0_1GB,NZ_LT906445_1,region001,Genome4,0.1434808680856519,2132142,305921.58504187805,8674152.188304119,4.06828071878145,0.0,0.1
319,NZ_LT906445.1.region001,21700.0,10.025852534562212,5.068035648297694,2.0,7.0,9.0,12.0,39.0,21700,21700,21700,sample_1,0_1GB,NZ_LT906445_1,region001,Genome4,0.1751299354,2132142,373401.8907236268,11354440.769694684,5.3253679959846405,0.0,0.1
254,NZ_LT906470.1.region001,26313.0,11.121726903051725,4.616351250972937,1.0,8.0,11.0,13.0,53.0,26313,26313,26313,sample_3,0_1GB,NZ_LT906470_1,region001,Genome5,0.2316336286,2041290,472831.409724894,14707117.031472752,7.20481510783512,0.0,0.1
270,NZ_LT906470.1.region001,26313.0,12.303690191160262,3.999383369174257,3.0,10.0,12.0,14.0,38.0,26313,26313,26313,sample_0,0_1GB,NZ_LT906470_1,region001,Genome5,0.2601147154,2041290,530969.5673988659,15108508.830870884,7.401451450245131,0.0,0.1
286,NZ_LT906470.1.region001,26313.0,10.472276061262496,4.065732075558566,1.0,8.0,10.0,12.0,41.0,26313,26313,26313,sample_2,0_1GB,NZ_LT906470_1,region001,Genome5,0.2127105636,2041290,434203.946371044,13462733.15498068,6.5952084980481365,0.0,0.1
302,NZ_LT906470.1.region001,26313.0,9.136244441910842,3.7678054216198023,1.0,7.0,9.0,11.0,39.0,26313,26313,26313,sample_4,0_1GB,NZ_LT906470_1,region001,Genome5,0.182169739281783,2041290,371861.26709851087,10543817.04810576,5.165271494058052,0.0,0.1
318,NZ_LT906470.1.region001,26313.0,12.987952722988636,4.340389117497291,2.0,10.0,13.0,15.0,39.0,26313,26313,26313,sample_1,0_1GB,NZ_LT906470_1,region001,Genome5,0.2714533314,2041290,554114.970853506,16849581.57004621,8.25437912792705,0.0,0.1
252,NZ_LT906470.1.region002,32244.0,11.562430219575734,4.837999367517493,2.0,9.0,11.0,13.0,58.0,32244,32242,32242,sample_3,0_1GB,NZ_LT906470_1,region002,Genome5,0.2316336286,2041290,472831.409724894,14707117.031472752,7.20481510783512,0.0,0.1
268,NZ_LT906470.1.region002,32244.0,13.084759955340528,4.714328892765051,3.0,10.0,13.0,15.0,57.0,32244,32242,32242,sample_0,0_1GB,NZ_LT906470_1,region002,Genome5,0.2601147154,2041290,530969.5673988659,15108508.830870884,7.401451450245131,0.0,0.1
284,NZ_LT906470.1.region002,32244.0,10.427707480461482,4.974027653160626,2.0,8.0,10.0,12.0,65.0,32244,32242,32242,sample_2,0_1GB,NZ_LT906470_1,region002,Genome5,0.2127105636,2041290,434203.946371044,13462733.15498068,6.5952084980481365,0.0,0.1
300,NZ_LT906470.1.region002,32244.0,8.641731795062647,4.181760674970338,1.0,6.0,8.0,11.0,52.0,32244,32242,32242,sample_4,0_1GB,NZ_LT906470_1,region002,Genome5,0.182169739281783,2041290,371861.26709851087,10543817.04810576,5.165271494058052,0.0,0.1
316,NZ_LT906470.1.region002,32244.0,13.663193152214363,5.229480267890121,3.0,11.0,13.0,16.0,72.0,32244,32242,32242,sample_1,0_1GB,NZ_LT906470_1,region002,Genome5,0.2714533314,2041290,554114.970853506,16849581.57004621,8.25437912792705,0.0,0.1
253,NZ_LT906470.1.region003,21755.0,11.103010802114456,4.234865772628977,0.0,8.0,11.0,13.0,48.0,21606,21739,21590,sample_3,0_1GB,NZ_LT906470_1,region003,Genome5,0.2316336286,2041290,472831.409724894,14707117.031472752,7.20481510783512,0.0,0.1
269,NZ_LT906470.1.region003,21755.0,12.223948517582166,4.12619788687689,2.0,10.0,12.0,14.0,49.0,21755,21739,21739,sample_0,0_1GB,NZ_LT906470_1,region003,Genome5,0.2601147154,2041290,530969.5673988659,15108508.830870884,7.401451450245131,0.0,0.1
285,NZ_LT906470.1.region003,21755.0,10.795817053550907,3.792160682257744,1.0,8.0,10.0,13.0,39.0,21755,21739,21739,sample_2,0_1GB,NZ_LT906470_1,region003,Genome5,0.2127105636,2041290,434203.946371044,13462733.15498068,6.5952084980481365,0.0,0.1
301,NZ_LT906470.1.region003,21755.0,8.865869914962078,3.71703344241333,1.0,7.0,8.0,11.0,36.0,21755,21739,21739,sample_4,0_1GB,NZ_LT906470_1,region003,Genome5,0.182169739281783,2041290,371861.26709851087,10543817.04810576,5.165271494058052,0.0,0.1
317,NZ_LT906470.1.region003,21755.0,13.036635256262928,4.476398640335881,3.0,10.0,13.0,15.0,40.0,21755,21739,21739,sample_1,0_1GB,NZ_LT906470_1,region003,Genome5,0.2714533314,2041290,554114.970853506,16849581.57004621,8.25437912792705,0.0,0.1
164,NC_014328.1.region001,18132.0,9.770902272225898,6.115991005892825,1.0,7.0,9.0,12.0,349.0,18132,18086,18086,sample_3,0_2GB,NC_014328_1,region001,Genome1,0.2257458502,4630065,1045217.9599062628,62786898.66647008,13.560694864212508,0.0,0.2
180,NC_014328.1.region001,18132.0,9.220328700639753,5.622168604358611,2.0,7.0,9.0,11.0,311.0,18132,18086,18086,sample_0,0_2GB,NC_014328_1,region001,Genome1,0.2133664535,4630065,987900.5485244776,61422178.1059943,13.26594294162054,0.0,0.2
196,NC_014328.1.region001,18132.0,11.91341275093757,7.5199220929540544,3.0,9.0,11.0,14.0,462.0,18132,18086,18086,sample_2,0_2GB,NC_014328_1,region001,Genome1,0.2789422165,4630065,1291520.5936390725,72645328.01671694,15.68991537196928,0.0,0.2
212,NC_014328.1.region001,18132.0,8.013236267372601,5.008727826197128,1.0,6.0,8.0,10.0,293.0,18132,18086,18086,sample_4,0_2GB,NC_014328_1,region001,Genome1,0.1853860143,4630065,858349.2962999296,51722907.91278469,11.17109757914515,0.0,0.2
228,NC_014328.1.region001,18132.0,8.33548422678138,5.691352910903772,1.0,6.0,8.0,10.0,290.0,18132,18086,18086,sample_1,0_2GB,NC_014328_1,region001,Genome1,0.1941781498805821,4630065,899057.4555268374,52712981.06837348,11.384933271643806,0.0,0.2
163,NC_014328.1.region002,19021.0,9.945481310130909,4.217848411429154,1.0,8.0,9.0,12.0,43.0,19021,19019,19019,sample_3,0_2GB,NC_014328_1,region002,Genome1,0.2257458502,4630065,1045217.9599062628,62786898.66647008,13.560694864212508,0.0,0.2
179,NC_014328.1.region002,19021.0,9.487145786236264,3.774061307967306,2.0,7.0,9.0,11.0,36.0,19021,19019,19019,sample_0,0_2GB,NC_014328_1,region002,Genome1,0.2133664535,4630065,987900.5485244776,61422178.1059943,13.26594294162054,0.0,0.2
195,NC_014328.1.region002,19021.0,12.30287576888702,5.517137685290892,2.0,9.0,11.0,14.0,51.0,19021,19019,19019,sample_2,0_2GB,NC_014328_1,region002,Genome1,0.2789422165,4630065,1291520.5936390725,72645328.01671694,15.68991537196928,0.0,0.2
211,NC_014328.1.region002,19021.0,7.48993218022186,3.3027831523822635,0.0,5.0,7.0,9.0,30.0,19019,19019,19017,sample_4,0_2GB,NC_014328_1,region002,Genome1,0.1853860143,4630065,858349.2962999296,51722907.91278469,11.17109757914515,0.0,0.2
227,NC_014328.1.region002,19021.0,8.751117186267809,3.5282828175144654,1.0,6.0,9.0,11.0,32.0,19021,19019,19019,sample_1,0_2GB,NC_014328_1,region002,Genome1,0.1941781498805821,4630065,899057.4555268374,52712981.06837348,11.384933271643806,0.0,0.2
160,NC_014328.1.region003,20732.0,10.341066949643064,4.281073730040744,3.0,8.0,10.0,12.0,43.0,20732,20725,20725,sample_3,0_2GB,NC_014328_1,region003,Genome1,0.2257458502,4630065,1045217.9599062628,62786898.66647008,13.560694864212508,0.0,0.2
176,NC_014328.1.region003,20732.0,9.46285934786803,3.725782196871816,0.0,7.0,9.0,11.0,39.0,20720,20725,20713,sample_0,0_2GB,NC_014328_1,region003,Genome1,0.2133664535,4630065,987900.5485244776,61422178.1059943,13.26594294162054,0.0,0.2
192,NC_014328.1.region003,20732.0,12.195109010225735,5.734707835580113,1.0,9.0,11.0,14.0,51.0,20732,20725,20725,sample_2,0_2GB,NC_014328_1,region003,Genome1,0.2789422165,4630065,1291520.5936390725,72645328.01671694,15.68991537196928,0.0,0.2
208,NC_014328.1.region003,20732.0,8.109974918001157,3.4145597704361834,2.0,6.0,8.0,10.0,33.0,20732,20725,20725,sample_4,0_2GB,NC_014328_1,region003,Genome1,0.1853860143,4630065,858349.2962999296,51722907.91278469,11.17109757914515,0.0,0.2
224,NC_014328.1.region003,20732.0,8.906858961991125,3.690678232416559,1.0,6.0,8.0,11.0,35.0,20732,20725,20725,sample_1,0_2GB,NC_014328_1,region003,Genome1,0.1941781498805821,4630065,899057.4555268374,52712981.06837348,11.384933271643806,0.0,0.2
162,NC_014328.1.region004,22089.0,11.223867083163563,18.656444706022462,1.0,7.0,10.0,12.0,427.0,22089,22066,22066,sample_3,0_2GB,NC_014328_1,region004,Genome1,0.2257458502,4630065,1045217.9599062628,62786898.66647008,13.560694864212508,0.0,0.2
178,NC_014328.1.region004,22089.0,10.97695685635384,18.01701386020841,2.0,7.0,9.0,12.0,405.0,22089,22066,22066,sample_0,0_2GB,NC_014328_1,region004,Genome1,0.2133664535,4630065,987900.5485244776,61422178.1059943,13.26594294162054,0.0,0.2
194,NC_014328.1.region004,22089.0,13.059305536692472,23.38164063310093,1.0,8.0,11.0,14.0,511.0,22089,22066,22066,sample_2,0_2GB,NC_014328_1,region004,Genome1,0.2789422165,4630065,1291520.5936390725,72645328.01671694,15.68991537196928,0.0,0.2
210,NC_014328.1.region004,22089.0,9.3785594639866,15.577196865770237,1.0,6.0,8.0,10.0,348.0,22089,22066,22066,sample_4,0_2GB,NC_014328_1,region004,Genome1,0.1853860143,4630065,858349.2962999296,51722907.91278469,11.17109757914515,0.0,0.2
226,NC_014328.1.region004,22089.0,9.681968400561365,15.012244229982358,1.0,6.0,8.0,10.0,310.0,22089,22066,22066,sample_1,0_2GB,NC_014328_1,region004,Genome1,0.1941781498805821,4630065,899057.4555268374,52712981.06837348,11.384933271643806,0.0,0.2
161,NC_014328.1.region005,21571.0,10.662463492652172,18.942845735932337,1.0,7.0,9.0,11.0,427.0,21571,21570,21570,sample_3,0_2GB,NC_014328_1,region005,Genome1,0.2257458502,4630065,1045217.9599062628,62786898.66647008,13.560694864212508,0.0,0.2
177,NC_014328.1.region005,21571.0,10.2669324556117,17.715867759287548,1.0,6.0,8.0,11.0,405.0,21571,21570,21570,sample_0,0_2GB,NC_014328_1,region005,Genome1,0.2133664535,4630065,987900.5485244776,61422178.1059943,13.26594294162054,0.0,0.2
193,NC_014328.1.region005,21571.0,13.755505076259793,22.77342444808753,4.0,9.0,12.0,14.0,511.0,21571,21570,21570,sample_2,0_2GB,NC_014328_1,region005,Genome1,0.2789422165,4630065,1291520.5936390725,72645328.01671694,15.68991537196928,0.0,0.2
209,NC_014328.1.region005,21571.0,8.540911408835937,15.50660894543462,0.0,5.0,7.0,9.0,348.0,21516,21570,21515,sample_4,0_2GB,NC_014328_1,region005,Genome1,0.1853860143,4630065,858349.2962999296,51722907.91278469,11.17109757914515,0.0,0.2
225,NC_014328.1.region005,21571.0,9.410875712762506,14.523568696592513,1.0,6.0,8.0,10.0,310.0,21571,21570,21570,sample_1,0_2GB,NC_014328_1,region005,Genome1,0.1941781498805821,4630065,899057.4555268374,52712981.06837348,11.384933271643806,0.0,0.2
171,NZ_CP020566.1.region001,21701.0,21.057693193862036,8.150728016228443,6.0,16.0,19.0,23.0,70.0,21701,21701,21701,sample_3,0_2GB,NZ_CP020566_1,region001,Genome2,0.2085419459,2071952,432088.9018913968,25955851.447859246,12.52724553843875,0.0,0.2
187,NZ_CP020566.1.region001,21701.0,17.9964978572416,8.024851187552038,6.0,13.0,16.0,20.0,70.0,21701,21701,21701,sample_0,0_2GB,NZ_CP020566_1,region001,Genome2,0.1637354596,2071952,339252.0129891392,21092808.98341327,10.180162949437666,0.0,0.2
203,NZ_CP020566.1.region001,21701.0,16.576793696143035,6.918929065613573,5.0,12.0,15.0,18.0,55.0,21701,21701,21701,sample_2,0_2GB,NZ_CP020566_1,region001,Genome2,0.1595366348,2071952,330552.2495471296,18592871.62224343,8.973601522739633,0.0,0.2
219,NZ_CP020566.1.region001,21701.0,21.41901294871204,8.524594170530117,5.0,16.0,19.0,23.0,79.0,21701,21701,21701,sample_4,0_2GB,NZ_CP020566_1,region001,Genome2,0.2012435005,2071952,416966.873347976,25125830.80783833,12.126647146187908,0.0,0.2
235,NZ_CP020566.1.region001,21701.0,18.60126261462605,7.68159787226454,5.0,14.0,17.0,21.0,69.0,21701,21701,21701,sample_1,0_2GB,NZ_CP020566_1,region001,Genome2,0.1822781125817721,2071952,377671.4999200279,22143401.962761845,10.687217639579414,0.0,0.2
170,NZ_CP053893.1.region001,21541.0,5.410519474490506,2.5996819343973865,0.0,3.0,5.0,7.0,28.0,21441,21538,21438,sample_3,0_2GB,NZ_CP053893_1,region001,Genome3,0.1722996023,5984367,1031104.054117244,61939067.49004952,10.35014521837473,0.0,0.2
186,NZ_CP053893.1.region001,21541.0,4.5969082215310335,1.9441237567113143,0.0,3.0,4.0,6.0,17.0,21516,21538,21513,sample_0,0_2GB,NZ_CP053893_1,region001,Genome3,0.1524038763,5984367,912040.728001802,56705635.1157187,9.475627934536552,0.0,0.2
202,NZ_CP053893.1.region001,21541.0,6.842254305742538,3.11719390967508,0.0,5.0,6.0,9.0,25.0,21454,21538,21451,sample_2,0_2GB,NZ_CP053893_1,region001,Genome3,0.1954171411,5984367,1169447.8904331836,65778994.16965682,10.991804842459832,0.0,0.2
218,NZ_CP053893.1.region001,21541.0,6.305788960586788,2.715381135850982,0.0,4.0,6.0,8.0,20.0,21478,21538,21475,sample_4,0_2GB,NZ_CP053893_1,region001,Genome3,0.1958770834,5984367,1172200.353955208,70635126.31083146,11.80327448347193,0.0,0.2
234,NZ_CP053893.1.region001,21541.0,7.044009098927626,2.927713760469328,0.0,5.0,7.0,9.0,26.0,21435,21538,21432,sample_1,0_2GB,NZ_CP053893_1,region001,Genome3,0.2138626032786137,5984367,1279832.3055946275,75038336.7389678,12.5390599772654,0.0,0.2
165,NZ_CP053893.1.region002,19846.0,30.71893580570392,61.85292507092717,1.0,5.0,6.0,11.0,426.0,19846,19844,19844,sample_3,0_2GB,NZ_CP053893_1,region002,Genome3,0.1722996023,5984367,1031104.054117244,61939067.49004952,10.35014521837473,0.0,0.2
181,NZ_CP053893.1.region002,19846.0,27.54706238032853,59.24790725988101,0.0,4.0,6.0,10.0,436.0,19782,19844,19780,sample_0,0_2GB,NZ_CP053893_1,region002,Genome3,0.1524038763,5984367,912040.728001802,56705635.1157187,9.475627934536552,0.0,0.2
197,NZ_CP053893.1.region002,19846.0,34.82389398367429,68.92218619965901,0.0,5.0,7.0,12.0,452.0,19832,19844,19830,sample_2,0_2GB,NZ_CP053893_1,region002,Genome3,0.1954171411,5984367,1169447.8904331836,65778994.16965682,10.991804842459832,0.0,0.2
213,NZ_CP053893.1.region002,19846.0,32.96790285196009,64.24120840512336,0.0,5.0,7.0,12.0,445.0,19786,19844,19784,sample_4,0_2GB,NZ_CP053893_1,region002,Genome3,0.1958770834,5984367,1172200.353955208,70635126.31083146,11.80327448347193,0.0,0.2
229,NZ_CP053893.1.region002,19846.0,35.21717222614129,66.3086767636406,1.0,5.0,7.0,11.0,424.0,19846,19844,19844,sample_1,0_2GB,NZ_CP053893_1,region002,Genome3,0.2138626032786137,5984367,1279832.3055946275,75038336.7389678,12.5390599772654,0.0,0.2
169,NZ_CP053893.1.region003,20374.0,5.862668106410131,6.368576471788742,0.0,4.0,5.0,7.0,221.0,20239,20341,20206,sample_3,0_2GB,NZ_CP053893_1,region003,Genome3,0.1722996023,5984367,1031104.054117244,61939067.49004952,10.35014521837473,0.0,0.2
185,NZ_CP053893.1.region003,20374.0,5.354078727790321,5.452902167982341,0.0,3.0,5.0,7.0,172.0,20028,20341,19995,sample_0,0_2GB,NZ_CP053893_1,region003,Genome3,0.1524038763,5984367,912040.728001802,56705635.1157187,9.475627934536552,0.0,0.2
201,NZ_CP053893.1.region003,20374.0,6.494208304702071,6.890540419471368,0.0,4.0,6.0,8.0,221.0,20302,20341,20269,sample_2,0_2GB,NZ_CP053893_1,region003,Genome3,0.1954171411,5984367,1169447.8904331836,65778994.16965682,10.991804842459832,0.0,0.2
217,NZ_CP053893.1.region003,20374.0,6.439187199371748,6.869598842438086,0.0,4.0,6.0,8.0,206.0,20361,20341,20328,sample_4,0_2GB,NZ_CP053893_1,region003,Genome3,0.1958770834,5984367,1172200.353955208,70635126.31083146,11.80327448347193,0.0,0.2
233,NZ_CP053893.1.region003,20374.0,6.941150485913419,7.51290530399103,1.0,4.0,6.0,8.0,220.0,20374,20341,20341,sample_1,0_2GB,NZ_CP053893_1,region003,Genome3,0.2138626032786137,5984367,1279832.3055946275,75038336.7389678,12.5390599772654,0.0,0.2
167,NZ_CP053893.1.region004,19578.0,5.8593829808969256,3.08613537695907,0.0,4.0,5.0,7.0,23.0,19562,19578,19562,sample_3,0_2GB,NZ_CP053893_1,region004,Genome3,0.1722996023,5984367,1031104.054117244,61939067.49004952,10.35014521837473,0.0,0.2
183,NZ_CP053893.1.region004,19578.0,5.509193993257738,2.908146223073901,0.0,4.0,5.0,7.0,21.0,19341,19578,19341,sample_0,0_2GB,NZ_CP053893_1,region004,Genome3,0.1524038763,5984367,912040.728001802,56705635.1157187,9.475627934536552,0.0,0.2
199,NZ_CP053893.1.region004,19578.0,6.991674328327715,3.300387823458555,0.0,5.0,7.0,9.0,27.0,19474,19578,19474,sample_2,0_2GB,NZ_CP053893_1,region004,Genome3,0.1954171411,5984367,1169447.8904331836,65778994.16965682,10.991804842459832,0.0,0.2
215,NZ_CP053893.1.region004,19578.0,6.743589743589744,3.1387099668584377,0.0,5.0,6.0,8.0,24.0,19533,19578,19533,sample_4,0_2GB,NZ_CP053893_1,region004,Genome3,0.1958770834,5984367,1172200.353955208,70635126.31083146,11.80327448347193,0.0,0.2
231,NZ_CP053893.1.region004,19578.0,7.87966084380427,3.8232016512633376,1.0,5.0,7.0,10.0,32.0,19578,19578,19578,sample_1,0_2GB,NZ_CP053893_1,region004,Genome3,0.2138626032786137,5984367,1279832.3055946275,75038336.7389678,12.5390599772654,0.0,0.2
166,NZ_CP053893.1.region005,66020.0,5.464737958194487,2.634189743200995,0.0,4.0,5.0,7.0,29.0,65285,65902,65167,sample_3,0_2GB,NZ_CP053893_1,region005,Genome3,0.1722996023,5984367,1031104.054117244,61939067.49004952,10.35014521837473,0.0,0.2
182,NZ_CP053893.1.region005,66020.0,4.743214177521963,2.218108086435229,0.0,3.0,5.0,6.0,27.0,65513,65902,65395,sample_0,0_2GB,NZ_CP053893_1,region005,Genome3,0.1524038763,5984367,912040.728001802,56705635.1157187,9.475627934536552,0.0,0.2
198,NZ_CP053893.1.region005,66020.0,6.229400181763102,2.728639549590333,0.0,4.0,6.0,8.0,36.0,65937,65902,65819,sample_2,0_2GB,NZ_CP053893_1,region005,Genome3,0.1954171411,5984367,1169447.8904331836,65778994.16965682,10.991804842459832,0.0,0.2
214,NZ_CP053893.1.region005,66020.0,6.282172069069979,2.5586751631445845,0.0,4.0,6.0,8.0,38.0,65867,65902,65749,sample_4,0_2GB,NZ_CP053893_1,region005,Genome3,0.1958770834,5984367,1172200.353955208,70635126.31083146,11.80327448347193,0.0,0.2
230,NZ_CP053893.1.region005,66020.0,7.186973644350197,2.977917478241859,0.0,5.0,7.0,9.0,32.0,65884,65902,65766,sample_1,0_2GB,NZ_CP053893_1,region005,Genome3,0.2138626032786137,5984367,1279832.3055946275,75038336.7389678,12.5390599772654,0.0,0.2
168,NZ_CP053893.1.region006,20740.0,7.2811957569913215,4.035297192459226,1.0,4.0,6.0,9.0,23.0,20740,20740,20740,sample_3,0_2GB,NZ_CP053893_1,region006,Genome3,0.1722996023,5984367,1031104.054117244,61939067.49004952,10.35014521837473,0.0,0.2
184,NZ_CP053893.1.region006,20740.0,6.119479267116683,3.34569718966689,0.0,4.0,6.0,8.0,23.0,20607,20740,20607,sample_0,0_2GB,NZ_CP053893_1,region006,Genome3,0.1524038763,5984367,912040.728001802,56705635.1157187,9.475627934536552,0.0,0.2
200,NZ_CP053893.1.region006,20740.0,7.89840887174542,3.9717100003111954,1.0,5.0,7.0,10.0,31.0,20740,20740,20740,sample_2,0_2GB,NZ_CP053893_1,region006,Genome3,0.1954171411,5984367,1169447.8904331836,65778994.16965682,10.991804842459832,0.0,0.2
216,NZ_CP053893.1.region006,20740.0,7.588138862102218,3.863390519229064,0.0,5.0,7.0,10.0,26.0,20716,20740,20716,sample_4,0_2GB,NZ_CP053893_1,region006,Genome3,0.1958770834,5984367,1172200.353955208,70635126.31083146,11.80327448347193,0.0,0.2
232,NZ_CP053893.1.region006,20740.0,8.791610414657667,4.227494224879066,1.0,6.0,8.0,11.0,27.0,20740,20740,20740,sample_1,0_2GB,NZ_CP053893_1,region006,Genome3,0.2138626032786137,5984367,1279832.3055946275,75038336.7389678,12.5390599772654,0.0,0.2
175,NZ_LT906445.1.region001,21700.0,20.98230414746544,8.095218869307764,6.0,16.0,19.0,23.0,70.0,21700,21700,21700,sample_3,0_2GB,NZ_LT906445_1,region001,Genome4,0.1973987844,2132142,420882.2389681848,25282660.174517464,11.857868835432848,0.0,0.2
191,NZ_LT906445.1.region001,21700.0,18.86705069124424,8.099812389603082,7.0,14.0,17.0,21.0,70.0,21700,21700,21700,sample_0,0_2GB,NZ_LT906445_1,region001,Genome4,0.1887329416,2132142,402405.4315689072,25019338.35907017,11.734367766813923,0.0,0.2
207,NZ_LT906445.1.region001,21700.0,18.5005069124424,6.687217717216532,4.0,14.0,17.0,21.0,55.0,21700,21700,21700,sample_2,0_2GB,NZ_LT906445_1,region001,Genome4,0.1853870499,2132142,395271.5153478858,22233194.7547222,10.427633222703834,0.0,0.2
223,NZ_LT906445.1.region001,21700.0,21.89161290322581,8.863412169260686,6.0,16.0,20.0,25.0,79.0,21700,21700,21700,sample_4,0_2GB,NZ_LT906445_1,region001,Genome4,0.2123003378,2132142,452654.4668375676,27276314.43920842,12.7929164376521,0.0,0.2
239,NZ_LT906445.1.region001,21700.0,20.48603686635945,7.530324179999704,8.0,15.0,19.0,23.0,69.0,21700,21700,21700,sample_1,0_2GB,NZ_LT906445_1,region001,Genome4,0.2014623444798537,2132142,429546.3260839642,25184894.709076237,11.812015667378736,0.0,0.2
174,NZ_LT906470.1.region001,26313.0,19.138220651389048,6.878186653304032,5.0,15.0,18.0,22.0,75.0,26313,26313,26313,sample_3,0_2GB,NZ_LT906470_1,region001,Genome5,0.1960138172,2041290,400121.044912188,24035522.221103717,11.774672986740596,0.0,0.2
190,NZ_LT906470.1.region001,26313.0,26.498878881161403,6.90291835992644,9.0,22.0,26.0,29.0,78.0,26313,26313,26313,sample_0,0_2GB,NZ_LT906470_1,region001,Genome5,0.281761269,2041290,575156.46079701,35760039.43580355,17.51835331373962,0.0,0.2
206,NZ_LT906470.1.region001,26313.0,17.691977349599057,6.282018854275067,5.0,14.0,17.0,20.0,60.0,26313,26313,26313,sample_2,0_2GB,NZ_LT906470_1,region001,Genome5,0.1807169577,2041290,368895.718583433,20749611.436660603,10.164950318994658,0.0,0.2
222,NZ_LT906470.1.region001,26313.0,20.271766807281573,6.435567155338092,6.0,16.0,19.0,23.0,77.0,26313,26313,26313,sample_4,0_2GB,NZ_LT906470_1,region001,Genome5,0.205193064,2041290,418858.54961256,25239820.529337075,12.364642225914531,0.0,0.2
238,NZ_LT906470.1.region001,26313.0,20.836088625394293,6.329342985892668,8.0,17.0,20.0,24.0,67.0,26313,26313,26313,sample_1,0_2GB,NZ_LT906470_1,region001,Genome5,0.2082187897791781,2041290,425034.9333883385,24920385.520820662,12.208155392335565,0.0,0.2
172,NZ_LT906470.1.region002,32244.0,19.964861679692344,8.687175716883868,6.0,16.0,19.0,22.0,124.0,32244,32242,32242,sample_3,0_2GB,NZ_LT906470_1,region002,Genome5,0.1960138172,2041290,400121.044912188,24035522.221103717,11.774672986740596,0.0,0.2
188,NZ_LT906470.1.region002,32244.0,26.80157548691229,8.228252348509875,11.0,22.0,26.0,30.0,110.0,32244,32242,32242,sample_0,0_2GB,NZ_LT906470_1,region002,Genome5,0.281761269,2041290,575156.46079701,35760039.43580355,17.51835331373962,0.0,0.2
204,NZ_LT906470.1.region002,32244.0,17.883451184716538,7.074010300633802,5.0,14.0,17.0,20.0,90.0,32244,32242,32242,sample_2,0_2GB,NZ_LT906470_1,region002,Genome5,0.1807169577,2041290,368895.718583433,20749611.436660603,10.164950318994658,0.0,0.2
220,NZ_LT906470.1.region002,32244.0,20.67255923582682,8.575124669248083,5.0,16.0,19.0,23.0,127.0,32244,32242,32242,sample_4,0_2GB,NZ_LT906470_1,region002,Genome5,0.205193064,2041290,418858.54961256,25239820.529337075,12.364642225914531,0.0,0.2
236,NZ_LT906470.1.region002,32244.0,20.25300831162387,8.360066008269584,9.0,16.0,19.0,23.0,120.0,32244,32242,32242,sample_1,0_2GB,NZ_LT906470_1,region002,Genome5,0.2082187897791781,2041290,425034.9333883385,24920385.520820662,12.208155392335565,0.0,0.2
173,NZ_LT906470.1.region003,21755.0,20.14709262238566,6.190255696522145,5.0,16.0,20.0,23.0,70.0,21755,21739,21739,sample_3,0_2GB,NZ_LT906470_1,region003,Genome5,0.1960138172,2041290,400121.044912188,24035522.221103717,11.774672986740596,0.0,0.2
189,NZ_LT906470.1.region003,21755.0,27.210434382900484,6.547303253487146,13.0,23.0,27.0,30.0,106.0,21755,21739,21739,sample_0,0_2GB,NZ_LT906470_1,region003,Genome5,0.281761269,2041290,575156.46079701,35760039.43580355,17.51835331373962,0.0,0.2
205,NZ_LT906470.1.region003,21755.0,18.115237876350264,5.116147072201154,6.0,15.0,17.0,21.0,72.0,21755,21739,21739,sample_2,0_2GB,NZ_LT906470_1,region003,Genome5,0.1807169577,2041290,368895.718583433,20749611.436660603,10.164950318994658,0.0,0.2
221,NZ_LT906470.1.region003,21755.0,20.26072167317858,6.431902202342912,6.0,17.0,20.0,23.0,91.0,21755,21739,21739,sample_4,0_2GB,NZ_LT906470_1,region003,Genome5,0.205193064,2041290,418858.54961256,25239820.529337075,12.364642225914531,0.0,0.2
237,NZ_LT906470.1.region003,21755.0,20.31321535279246,6.028577063274371,6.0,17.0,20.0,23.0,89.0,21755,21739,21739,sample_1,0_2GB,NZ_LT906470_1,region003,Genome5,0.2082187897791781,2041290,425034.9333883385,24920385.520820662,12.208155392335565,0.0,0.2
324,NC_014328.1.region001,18132.0,11.062927421133908,7.007001863109102,1.0,8.0,11.0,13.0,402.0,18132,18086,18086,sample_3,0_3GB,NC_014328_1,region001,Genome1,0.1669090244833091,4630065,772799.6324443126,73925449.12665628,15.966395531521972,0.0,0.3
340,NC_014328.1.region001,18132.0,13.66037943966468,8.611055331841952,3.0,10.0,13.0,16.0,499.0,18132,18086,18086,sample_0,0_3GB,NC_014328_1,region001,Genome1,0.2104648817210465,4630065,974466.0825857572,83443231.36770435,18.02204318248326,0.0,0.3
356,NC_014328.1.region001,18132.0,16.43012353849548,9.910499228327147,5.0,13.0,16.0,19.0,624.0,18132,18086,18086,sample_2,0_3GB,NC_014328_1,region001,Genome1,0.2513823827251382,4630065,1163916.771872267,97942504.10967652,21.15359160393569,0.0,0.3
372,NC_014328.1.region001,18132.0,12.741506728435914,7.705407692460576,3.0,10.0,12.0,15.0,473.0,18132,18086,18086,sample_4,0_3GB,NC_014328_1,region001,Genome1,0.1944521091,4630065,900325.9045200915,81774750.91571608,17.661685292909727,0.0,0.3
388,NC_014328.1.region001,18132.0,14.088352084712112,8.073788474839679,3.0,11.0,13.0,16.0,481.0,18132,18086,18086,sample_1,0_3GB,NC_014328_1,region001,Genome1,0.2024246436202425,4630065,937239.2575635582,80758259.86697568,17.44214387205702,0.0,0.3
323,NC_014328.1.region002,19021.0,10.839703485621156,3.796175616684064,2.0,8.0,10.0,13.0,40.0,19021,19019,19019,sample_3,0_3GB,NC_014328_1,region002,Genome1,0.1669090244833091,4630065,772799.6324443126,73925449.12665628,15.966395531521972,0.0,0.3
339,NC_014328.1.region002,19021.0,12.818726670522054,4.4621375343435785,3.0,10.0,12.0,15.0,44.0,19021,19019,19019,sample_0,0_3GB,NC_014328_1,region002,Genome1,0.2104648817210465,4630065,974466.0825857572,83443231.36770435,18.02204318248326,0.0,0.3
355,NC_014328.1.region002,19021.0,17.29073129698754,6.099517554863152,6.0,14.0,16.0,19.0,57.0,19021,19019,19019,sample_2,0_3GB,NC_014328_1,region002,Genome1,0.2513823827251382,4630065,1163916.771872267,97942504.10967652,21.15359160393569,0.0,0.3
371,NC_014328.1.region002,19021.0,13.357394458756112,5.014314066319776,3.0,10.0,13.0,15.0,44.0,19021,19019,19019,sample_4,0_3GB,NC_014328_1,region002,Genome1,0.1944521091,4630065,900325.9045200915,81774750.91571608,17.661685292909727,0.0,0.3
387,NC_014328.1.region002,19021.0,12.943693812102412,5.370816769294497,3.0,10.0,12.0,15.0,48.0,19021,19019,19019,sample_1,0_3GB,NC_014328_1,region002,Genome1,0.2024246436202425,4630065,937239.2575635582,80758259.86697568,17.44214387205702,0.0,0.3
320,NC_014328.1.region003,20732.0,10.784970094539842,4.092011278242167,1.0,8.0,10.0,13.0,43.0,20732,20725,20725,sample_3,0_3GB,NC_014328_1,region003,Genome1,0.1669090244833091,4630065,772799.6324443126,73925449.12665628,15.966395531521972,0.0,0.3
336,NC_014328.1.region003,20732.0,14.414431796256991,4.986785886395458,4.0,11.0,14.0,16.0,47.0,20732,20725,20725,sample_0,0_3GB,NC_014328_1,region003,Genome1,0.2104648817210465,4630065,974466.0825857572,83443231.36770435,18.02204318248326,0.0,0.3
352,NC_014328.1.region003,20732.0,16.910717731043796,6.376690685398956,5.0,13.0,16.0,19.0,57.0,20732,20725,20725,sample_2,0_3GB,NC_014328_1,region003,Genome1,0.2513823827251382,4630065,1163916.771872267,97942504.10967652,21.15359160393569,0.0,0.3
368,NC_014328.1.region003,20732.0,13.462666409415396,5.297652770409935,3.0,10.0,13.0,16.0,53.0,20732,20725,20725,sample_4,0_3GB,NC_014328_1,region003,Genome1,0.1944521091,4630065,900325.9045200915,81774750.91571608,17.661685292909727,0.0,0.3
384,NC_014328.1.region003,20732.0,13.19684545629944,5.811718195608361,2.0,10.0,12.0,15.0,48.0,20732,20725,20725,sample_1,0_3GB,NC_014328_1,region003,Genome1,0.2024246436202425,4630065,937239.2575635582,80758259.86697568,17.44214387205702,0.0,0.3
322,NC_014328.1.region004,22089.0,12.098465299470323,21.011794559074417,2.0,8.0,10.0,13.0,463.0,22089,22066,22066,sample_3,0_3GB,NC_014328_1,region004,Genome1,0.1669090244833091,4630065,772799.6324443126,73925449.12665628,15.966395531521972,0.0,0.3
338,NC_014328.1.region004,22089.0,15.034994793788764,25.488520994937264,2.0,10.0,13.0,15.0,576.0,22089,22066,22066,sample_0,0_3GB,NC_014328_1,region004,Genome1,0.2104648817210465,4630065,974466.0825857572,83443231.36770435,18.02204318248326,0.0,0.3
354,NC_014328.1.region004,22089.0,17.98017112589977,30.610798353966125,4.0,13.0,16.0,18.0,686.0,22089,22066,22066,sample_2,0_3GB,NC_014328_1,region004,Genome1,0.2513823827251382,4630065,1163916.771872267,97942504.10967652,21.15359160393569,0.0,0.3
370,NC_014328.1.region004,22089.0,13.979899497487438,24.54618074008844,0.0,10.0,12.0,15.0,563.0,22083,22066,22060,sample_4,0_3GB,NC_014328_1,region004,Genome1,0.1944521091,4630065,900325.9045200915,81774750.91571608,17.661685292909727,0.0,0.3
386,NC_014328.1.region004,22089.0,14.658382000090542,24.816180556095453,2.0,10.0,12.0,15.0,568.0,22089,22066,22066,sample_1,0_3GB,NC_014328_1,region004,Genome1,0.2024246436202425,4630065,937239.2575635582,80758259.86697568,17.44214387205702,0.0,0.3
321,NC_014328.1.region005,21571.0,12.00931806592184,21.066421577569034,2.0,8.0,10.0,13.0,463.0,21571,21570,21570,sample_3,0_3GB,NC_014328_1,region005,Genome1,0.1669090244833091,4630065,772799.6324443126,73925449.12665628,15.966395531521972,0.0,0.3
337,NC_014328.1.region005,21571.0,15.502572898799317,25.74298866354991,5.0,11.0,13.0,16.0,576.0,21571,21570,21570,sample_0,0_3GB,NC_014328_1,region005,Genome1,0.2104648817210465,4630065,974466.0825857572,83443231.36770435,18.02204318248326,0.0,0.3
353,NC_014328.1.region005,21571.0,18.124611747253255,30.373649795994087,4.0,13.0,15.0,18.0,686.0,21571,21570,21570,sample_2,0_3GB,NC_014328_1,region005,Genome1,0.2513823827251382,4630065,1163916.771872267,97942504.10967652,21.15359160393569,0.0,0.3
369,NC_014328.1.region005,21571.0,14.546474433266884,24.420962517135266,3.0,10.0,12.0,15.0,563.0,21571,21570,21570,sample_4,0_3GB,NC_014328_1,region005,Genome1,0.1944521091,4630065,900325.9045200915,81774750.91571608,17.661685292909727,0.0,0.3
385,NC_014328.1.region005,21571.0,14.368828519771917,24.854101486472537,3.0,10.0,12.0,15.0,568.0,21571,21570,21570,sample_1,0_3GB,NC_014328_1,region005,Genome1,0.2024246436202425,4630065,937239.2575635582,80758259.86697568,17.44214387205702,0.0,0.3
331,NZ_CP020566.1.region001,21701.0,37.90005068890834,12.563743846658031,14.0,31.0,35.0,40.0,115.0,21701,21701,21701,sample_3,0_3GB,NZ_CP020566_1,region001,Genome2,0.2442015974755798,2071952,505973.9882927225,48401102.64110455,23.36014668346784,0.0,0.3
347,NZ_CP020566.1.region001,21701.0,29.67692733053776,10.779349470198031,10.0,24.0,27.0,31.0,89.0,21701,21701,21701,sample_0,0_3GB,NZ_CP020566_1,region001,Genome2,0.1901758045190175,2071952,394035.1385247873,33741107.89334294,16.28469573298172,0.0,0.3
363,NZ_CP020566.1.region001,21701.0,26.18745679922584,9.192436847508136,11.0,21.0,24.0,28.0,98.0,21701,21701,21701,sample_2,0_3GB,NZ_CP020566_1,region001,Genome2,0.1726767324172676,2071952,357777.90108542243,30106674.63021664,14.530584989525162,0.0,0.3
379,NZ_CP020566.1.region001,21701.0,29.663886456845308,10.442165470582871,10.0,24.0,27.0,33.0,110.0,21701,21701,21701,sample_4,0_3GB,NZ_CP020566_1,region001,Genome2,0.1868551239,2071952,387154.8476748528,35164478.857574165,16.971666745935313,0.0,0.3
395,NZ_CP020566.1.region001,21701.0,41.15575319109718,9.6765038108115,19.0,35.0,40.0,46.0,119.0,21701,21701,21701,sample_1,0_3GB,NZ_CP020566_1,region001,Genome2,0.2696274949269627,2071952,558655.2273689102,48137147.11992132,23.232752071438583,0.0,0.3
330,NZ_CP053893.1.region001,21541.0,7.452346687711805,3.135461755675987,1.0,5.0,7.0,9.0,52.0,21541,21538,21538,sample_3,0_3GB,NZ_CP053893_1,region001,Genome3,0.160429161683957,5984367,960066.9810191366,91839307.09054388,15.34653658282386,0.0,0.3
346,NZ_CP053893.1.region001,21541.0,10.850564040666637,3.769261677768322,1.0,8.0,11.0,13.0,41.0,21541,21538,21538,sample_0,0_3GB,NZ_CP053893_1,region001,Genome3,0.2267780411226778,5984367,1357123.025619196,116210027.87566563,19.418934011845472,0.0,0.3
362,NZ_CP053893.1.region001,21541.0,10.35536883153057,3.3343312219973678,0.0,8.0,10.0,12.0,44.0,21534,21538,21531,sample_2,0_3GB,NZ_CP053893_1,region001,Genome3,0.2160128272216012,5984367,1292700.034801652,108779494.83232851,18.17727669982949,0.0,0.3
378,NZ_CP053893.1.region001,21541.0,8.151246460238614,2.9166639265079306,1.0,6.0,8.0,10.0,28.0,21541,21538,21538,sample_4,0_3GB,NZ_CP053893_1,region001,Genome3,0.1870100292,5984367,1119136.6474135164,101648880.8368477,16.985736475862474,0.0,0.3
394,NZ_CP053893.1.region001,21541.0,10.703681351840675,3.720926281109504,2.0,8.0,11.0,13.0,45.0,21541,21538,21538,sample_1,0_3GB,NZ_CP053893_1,region001,Genome3,0.2273282937227328,5984367,1360415.939120629,117221747.86434308,19.587994497052584,0.0,0.3
325,NZ_CP053893.1.region002,19846.0,42.90632873123048,91.68839648034232,1.0,6.0,9.0,14.0,661.0,19846,19844,19844,sample_3,0_3GB,NZ_CP053893_1,region002,Genome3,0.160429161683957,5984367,960066.9810191366,91839307.09054388,15.34653658282386,0.0,0.3
341,NZ_CP053893.1.region002,19846.0,54.53930263025295,100.44103069569545,2.0,9.0,12.0,18.0,635.0,19846,19844,19844,sample_0,0_3GB,NZ_CP053893_1,region002,Genome3,0.2267780411226778,5984367,1357123.025619196,116210027.87566563,19.418934011845472,0.0,0.3
357,NZ_CP053893.1.region002,19846.0,54.94961201249622,103.25372195034656,1.0,9.0,12.0,18.0,663.0,19846,19844,19844,sample_2,0_3GB,NZ_CP053893_1,region002,Genome3,0.2160128272216012,5984367,1292700.034801652,108779494.83232851,18.17727669982949,0.0,0.3
373,NZ_CP053893.1.region002,19846.0,46.57296180590547,93.52397273967836,0.0,7.0,10.0,15.0,667.0,19840,19844,19838,sample_4,0_3GB,NZ_CP053893_1,region002,Genome3,0.1870100292,5984367,1119136.6474135164,101648880.8368477,16.985736475862474,0.0,0.3
389,NZ_CP053893.1.region002,19846.0,55.04912828781618,102.65253240258278,2.0,8.0,11.0,18.0,646.0,19846,19844,19844,sample_1,0_3GB,NZ_CP053893_1,region002,Genome3,0.2273282937227328,5984367,1360415.939120629,117221747.86434308,19.587994497052584,0.0,0.3
329,NZ_CP053893.1.region003,20374.0,8.584470403455384,8.150947108393977,1.0,6.0,8.0,10.0,268.0,20374,20341,20341,sample_3,0_3GB,NZ_CP053893_1,region003,Genome3,0.160429161683957,5984367,960066.9810191366,91839307.09054388,15.34653658282386,0.0,0.3
345,NZ_CP053893.1.region003,20374.0,12.4839010503583,11.101080890363791,1.0,9.0,12.0,15.0,384.0,20374,20341,20341,sample_0,0_3GB,NZ_CP053893_1,region003,Genome3,0.2267780411226778,5984367,1357123.025619196,116210027.87566563,19.418934011845472,0.0,0.3
361,NZ_CP053893.1.region003,20374.0,11.24919014430156,9.74281728599135,3.0,8.0,10.0,13.0,351.0,20374,20341,20341,sample_2,0_3GB,NZ_CP053893_1,region003,Genome3,0.2160128272216012,5984367,1292700.034801652,108779494.83232851,18.17727669982949,0.0,0.3
377,NZ_CP053893.1.region003,20374.0,10.330666535780898,9.571390197360904,2.0,7.0,9.0,12.0,333.0,20374,20341,20341,sample_4,0_3GB,NZ_CP053893_1,region003,Genome3,0.1870100292,5984367,1119136.6474135164,101648880.8368477,16.985736475862474,0.0,0.3
393,NZ_CP053893.1.region003,20374.0,11.759840973790125,10.70396074033305,2.0,9.0,11.0,13.0,358.0,20374,20341,20341,sample_1,0_3GB,NZ_CP053893_1,region003,Genome3,0.2273282937227328,5984367,1360415.939120629,117221747.86434308,19.587994497052584,0.0,0.3
327,NZ_CP053893.1.region004,19578.0,8.060782510981714,3.6123498305895834,1.0,6.0,7.0,10.0,30.0,19578,19578,19578,sample_3,0_3GB,NZ_CP053893_1,region004,Genome3,0.160429161683957,5984367,960066.9810191366,91839307.09054388,15.34653658282386,0.0,0.3
343,NZ_CP053893.1.region004,19578.0,11.962457860864236,5.177413346044416,2.0,9.0,11.0,15.0,41.0,19578,19578,19578,sample_0,0_3GB,NZ_CP053893_1,region004,Genome3,0.2267780411226778,5984367,1357123.025619196,116210027.87566563,19.418934011845472,0.0,0.3
359,NZ_CP053893.1.region004,19578.0,11.321483297578917,4.663705047287094,2.0,8.0,11.0,14.0,39.0,19578,19578,19578,sample_2,0_3GB,NZ_CP053893_1,region004,Genome3,0.2160128272216012,5984367,1292700.034801652,108779494.83232851,18.17727669982949,0.0,0.3
375,NZ_CP053893.1.region004,19578.0,9.89697619777301,3.961447771611201,2.0,7.0,9.0,12.0,40.0,19578,19578,19578,sample_4,0_3GB,NZ_CP053893_1,region004,Genome3,0.1870100292,5984367,1119136.6474135164,101648880.8368477,16.985736475862474,0.0,0.3
391,NZ_CP053893.1.region004,19578.0,11.954081111451629,4.932178937842159,2.0,9.0,11.0,14.0,43.0,19578,19578,19578,sample_1,0_3GB,NZ_CP053893_1,region004,Genome3,0.2273282937227328,5984367,1360415.939120629,117221747.86434308,19.587994497052584,0.0,0.3
326,NZ_CP053893.1.region005,66020.0,7.671720690699788,3.1074025484322387,0.0,5.0,7.0,10.0,44.0,65992,65902,65874,sample_3,0_3GB,NZ_CP053893_1,region005,Genome3,0.160429161683957,5984367,960066.9810191366,91839307.09054388,15.34653658282386,0.0,0.3
342,NZ_CP053893.1.region005,66020.0,10.581505604362317,3.5210898255762717,2.0,8.0,10.0,13.0,50.0,66020,65902,65902,sample_0,0_3GB,NZ_CP053893_1,region005,Genome3,0.2267780411226778,5984367,1357123.025619196,116210027.87566563,19.418934011845472,0.0,0.3
358,NZ_CP053893.1.region005,66020.0,10.664889427446228,3.5299567822704603,1.0,8.0,10.0,13.0,60.0,66020,65902,65902,sample_2,0_3GB,NZ_CP053893_1,region005,Genome3,0.2160128272216012,5984367,1292700.034801652,108779494.83232851,18.17727669982949,0.0,0.3
374,NZ_CP053893.1.region005,66020.0,9.233792790063616,3.250015661620235,1.0,7.0,9.0,11.0,65.0,66020,65902,65902,sample_4,0_3GB,NZ_CP053893_1,region005,Genome3,0.1870100292,5984367,1119136.6474135164,101648880.8368477,16.985736475862474,0.0,0.3
390,NZ_CP053893.1.region005,66020.0,10.806482883974551,3.3739674870679712,1.0,8.0,11.0,13.0,51.0,66020,65902,65902,sample_1,0_3GB,NZ_CP053893_1,region005,Genome3,0.2273282937227328,5984367,1360415.939120629,117221747.86434308,19.587994497052584,0.0,0.3
328,NZ_CP053893.1.region006,20740.0,9.212391513982642,4.455356963202003,1.0,6.0,8.0,12.0,38.0,20740,20740,20740,sample_3,0_3GB,NZ_CP053893_1,region006,Genome3,0.160429161683957,5984367,960066.9810191366,91839307.09054388,15.34653658282386,0.0,0.3
344,NZ_CP053893.1.region006,20740.0,13.40337512054002,5.713912425324607,3.0,9.0,12.0,17.0,43.0,20740,20740,20740,sample_0,0_3GB,NZ_CP053893_1,region006,Genome3,0.2267780411226778,5984367,1357123.025619196,116210027.87566563,19.418934011845472,0.0,0.3
360,NZ_CP053893.1.region006,20740.0,12.856316297010608,5.996341614827204,3.0,9.0,11.0,15.25,45.0,20740,20740,20740,sample_2,0_3GB,NZ_CP053893_1,region006,Genome3,0.2160128272216012,5984367,1292700.034801652,108779494.83232851,18.17727669982949,0.0,0.3
376,NZ_CP053893.1.region006,20740.0,11.02526518804243,4.725202176757814,3.0,8.0,10.0,14.0,39.0,20740,20740,20740,sample_4,0_3GB,NZ_CP053893_1,region006,Genome3,0.1870100292,5984367,1119136.6474135164,101648880.8368477,16.985736475862474,0.0,0.3
392,NZ_CP053893.1.region006,20740.0,13.787174541947929,6.261443887922889,3.0,9.0,12.0,17.0,41.0,20740,20740,20740,sample_1,0_3GB,NZ_CP053893_1,region006,Genome3,0.2273282937227328,5984367,1360415.939120629,117221747.86434308,19.587994497052584,0.0,0.3
335,NZ_LT906445.1.region001,21700.0,36.7110138248848,13.069931705403228,16.0,29.0,34.0,39.0,115.0,21700,21700,21700,sample_3,0_3GB,NZ_LT906445_1,region001,Genome4,0.2496235980750376,2132142,532232.9576469068,50913016.49511515,23.878811305773795,0.0,0.3
351,NZ_LT906445.1.region001,21700.0,29.66732718894009,10.84074698731414,12.0,23.0,27.0,32.0,89.0,21700,21700,21700,sample_0,0_3GB,NZ_LT906445_1,region001,Genome4,0.1902759134190275,2132142,405695.2665890721,34739561.07835624,16.293268027343508,0.0,0.3
367,NZ_LT906445.1.region001,21700.0,25.89377880184332,9.272734283585246,10.0,20.0,24.0,28.0,98.0,21700,21700,21700,sample_2,0_3GB,NZ_LT906445_1,region001,Genome4,0.1759993530175999,2132142,375255.6125416514,31577407.647815354,14.810180395027796,0.0,0.3
383,NZ_LT906445.1.region001,21700.0,26.188387096774196,11.099975262560957,8.0,20.0,24.0,28.0,110.0,21700,21700,21700,sample_4,0_3GB,NZ_LT906445_1,region001,Genome4,0.1666579256,2132142,355338.3628046352,32274652.94874113,15.137196748031384,0.0,0.3
399,NZ_LT906445.1.region001,21700.0,21.841705069124423,13.73043942876092,2.0,15.0,18.0,22.0,119.0,21700,21700,21700,sample_1,0_3GB,NZ_LT906445_1,region001,Genome4,0.1286174953128617,2132142,274230.7636913556,23629397.82876503,11.082469098570842,0.0,0.3
334,NZ_LT906470.1.region001,26313.0,26.103522973435183,9.524982759705212,10.0,21.0,25.0,29.0,115.0,26313,26313,26313,sample_3,0_3GB,NZ_LT906470_1,region001,Genome5,0.1788366182821163,2041290,365057.4005331012,34921124.64658014,17.107380453820934,0.0,0.3
350,NZ_LT906470.1.region001,26313.0,27.491886139930838,7.993979847800683,14.0,23.0,26.0,30.0,88.0,26313,26313,26313,sample_0,0_3GB,NZ_LT906470_1,region001,Genome5,0.1823053592182305,2041290,372138.1067185817,31866071.78493083,15.610751919095684,0.0,0.3
366,NZ_LT906470.1.region001,26313.0,26.630714855774716,8.06748542483167,11.0,22.0,25.0,30.0,95.0,26313,26313,26313,sample_2,0_3GB,NZ_LT906470_1,region001,Genome5,0.1839287046183928,2041290,375451.8254504791,31593918.77996297,15.477427891168317,0.0,0.3
382,NZ_LT906470.1.region001,26313.0,39.32003192338388,8.86136083452535,20.0,34.0,38.0,43.0,110.0,26313,26313,26313,sample_4,0_3GB,NZ_LT906470_1,region001,Genome5,0.2650248122,2041290,540992.498895738,49137236.44112092,24.07165882413617,0.0,0.3
398,NZ_LT906470.1.region001,26313.0,26.212822559191277,8.749773470699596,6.0,22.0,25.0,29.0,104.0,26313,26313,26313,sample_1,0_3GB,NZ_LT906470_1,region001,Genome5,0.1720020724172002,2041290,351106.1104045066,30253447.31999485,14.820749290887065,0.0,0.3
332,NZ_LT906470.1.region002,32244.0,26.762839598064755,13.796109734677788,9.0,21.0,25.0,29.0,193.0,32244,32242,32242,sample_3,0_3GB,NZ_LT906470_1,region002,Genome5,0.1788366182821163,2041290,365057.4005331012,34921124.64658014,17.107380453820934,0.0,0.3
348,NZ_LT906470.1.region002,32244.0,28.008869867262128,10.908772477908716,7.0,23.0,27.0,30.0,170.0,32244,32242,32242,sample_0,0_3GB,NZ_LT906470_1,region002,Genome5,0.1823053592182305,2041290,372138.1067185817,31866071.78493083,15.610751919095684,0.0,0.3
364,NZ_LT906470.1.region002,32244.0,27.28789852375636,10.615105810035912,11.0,22.0,26.0,30.0,159.0,32244,32242,32242,sample_2,0_3GB,NZ_LT906470_1,region002,Genome5,0.1839287046183928,2041290,375451.8254504791,31593918.77996297,15.477427891168317,0.0,0.3
380,NZ_LT906470.1.region002,32244.0,38.26525865277261,11.660890810393289,17.0,33.0,37.0,41.0,187.0,32244,32242,32242,sample_4,0_3GB,NZ_LT906470_1,region002,Genome5,0.2650248122,2041290,540992.498895738,49137236.44112092,24.07165882413617,0.0,0.3
396,NZ_LT906470.1.region002,32244.0,25.58044907579705,11.566630463065868,10.0,20.0,24.0,28.0,180.0,32244,32242,32242,sample_1,0_3GB,NZ_LT906470_1,region002,Genome5,0.1720020724172002,2041290,351106.1104045066,30253447.31999485,14.820749290887065,0.0,0.3
333,NZ_LT906470.1.region003,21755.0,27.375775683750863,9.219387481494582,12.0,23.0,26.0,30.0,127.0,21755,21739,21739,sample_3,0_3GB,NZ_LT906470_1,region003,Genome5,0.1788366182821163,2041290,365057.4005331012,34921124.64658014,17.107380453820934,0.0,0.3
349,NZ_LT906470.1.region003,21755.0,26.74111698460124,7.771194689111529,10.0,22.0,26.0,30.0,106.0,21755,21739,21739,sample_0,0_3GB,NZ_LT906470_1,region003,Genome5,0.1823053592182305,2041290,372138.1067185817,31866071.78493083,15.610751919095684,0.0,0.3
365,NZ_LT906470.1.region003,21755.0,26.49064582854516,6.89917020573659,10.0,23.0,26.0,29.0,115.0,21755,21739,21739,sample_2,0_3GB,NZ_LT906470_1,region003,Genome5,0.1839287046183928,2041290,375451.8254504791,31593918.77996297,15.477427891168317,0.0,0.3
381,NZ_LT906470.1.region003,21755.0,38.97214433463572,8.698707657765455,18.0,34.0,38.0,43.0,140.0,21755,21739,21739,sample_4,0_3GB,NZ_LT906470_1,region003,Genome5,0.2650248122,2041290,540992.498895738,49137236.44112092,24.07165882413617,0.0,0.3
397,NZ_LT906470.1.region003,21755.0,24.949896575499885,8.32819874466117,10.0,21.0,24.0,28.0,119.0,21755,21739,21739,sample_1,0_3GB,NZ_LT906470_1,region003,Genome5,0.1720020724172002,2041290,351106.1104045066,30253447.31999485,14.820749290887065,0.0,0.3
4,NC_014328.1.region001,18132.0,20.768199867637325,12.320752190285653,8.0,16.0,19.0,23.0,759.0,18132,18086,18086,sample_3,0_5GB,NC_014328_1,region001,Genome1,0.1924767315,4630065,891179.7778325474,128538906.6522138,27.76179311785338,0.0,0.5
20,NC_014328.1.region001,18132.0,21.57445400397088,12.376572774505538,7.0,18.0,21.0,24.0,773.0,18132,18086,18086,sample_0,0_5GB,NC_014328_1,region001,Genome1,0.196109713919611,4630065,908000.7225792035,136423663.1713573,29.464740380827763,0.0,0.5
36,NC_014328.1.region001,18132.0,16.96933598058681,10.523417556597202,5.0,13.0,16.0,20.0,619.0,18132,18086,18086,sample_2,0_5GB,NC_014328_1,region001,Genome1,0.1623424762837657,4630065,751656.2174547936,114951447.28550915,24.827177865863472,0.0,0.5
52,NC_014328.1.region001,18132.0,26.070372821530995,16.11566796545567,10.0,22.0,25.0,29.0,1028.0,18132,18086,18086,sample_4,0_5GB,NC_014328_1,region001,Genome1,0.2490202433,4630065,1152979.9127948144,163698912.16467077,35.35564018316606,0.0,0.5
68,NC_014328.1.region001,18132.0,20.455603353187733,11.376148697180822,8.0,17.0,19.0,23.0,730.0,18132,18086,18086,sample_1,0_5GB,NC_014328_1,region001,Genome1,0.1834666145816533,4630065,849462.3508430027,123683619.25837344,26.71314965521509,0.0,0.5
3,NC_014328.1.region002,19021.0,20.242311129803905,7.714347415459923,6.0,16.0,19.0,22.0,73.0,19021,19019,19019,sample_3,0_5GB,NC_014328_1,region002,Genome1,0.1924767315,4630065,891179.7778325474,128538906.6522138,27.76179311785338,0.0,0.5
19,NC_014328.1.region002,19021.0,20.90373797381841,7.499704670771584,5.0,17.0,20.0,24.0,71.0,19021,19019,19019,sample_0,0_5GB,NC_014328_1,region002,Genome1,0.196109713919611,4630065,908000.7225792035,136423663.1713573,29.464740380827763,0.0,0.5
35,NC_014328.1.region002,19021.0,17.759423794753168,6.406863775079853,4.0,14.0,17.0,20.0,62.0,19021,19019,19019,sample_2,0_5GB,NC_014328_1,region002,Genome1,0.1623424762837657,4630065,751656.2174547936,114951447.28550915,24.827177865863472,0.0,0.5
51,NC_014328.1.region002,19021.0,27.08900688712476,8.790344308802876,11.0,22.0,26.0,30.0,85.0,19021,19019,19019,sample_4,0_5GB,NC_014328_1,region002,Genome1,0.2490202433,4630065,1152979.9127948144,163698912.16467077,35.35564018316606,0.0,0.5
67,NC_014328.1.region002,19021.0,20.144156458650965,7.37397704677414,7.0,16.0,19.0,23.0,73.0,19021,19019,19019,sample_1,0_5GB,NC_014328_1,region002,Genome1,0.1834666145816533,4630065,849462.3508430027,123683619.25837344,26.71314965521509,0.0,0.5
0,NC_014328.1.region003,20732.0,22.22887323943662,8.235865604038805,7.0,17.0,20.0,25.0,78.0,20732,20725,20725,sample_3,0_5GB,NC_014328_1,region003,Genome1,0.1924767315,4630065,891179.7778325474,128538906.6522138,27.76179311785338,0.0,0.5
16,NC_014328.1.region003,20732.0,22.16742234227281,7.937609072713855,7.0,18.0,21.0,25.0,71.0,20732,20725,20725,sample_0,0_5GB,NC_014328_1,region003,Genome1,0.196109713919611,4630065,908000.7225792035,136423663.1713573,29.464740380827763,0.0,0.5
32,NC_014328.1.region003,20732.0,17.97940382018136,7.281538301104401,5.0,14.0,17.0,21.0,82.0,20732,20725,20725,sample_2,0_5GB,NC_014328_1,region003,Genome1,0.1623424762837657,4630065,751656.2174547936,114951447.28550915,24.827177865863472,0.0,0.5
48,NC_014328.1.region003,20732.0,28.08166120007717,9.196242276470208,10.0,23.0,27.0,31.0,96.0,20732,20725,20725,sample_4,0_5GB,NC_014328_1,region003,Genome1,0.2490202433,4630065,1152979.9127948144,163698912.16467077,35.35564018316606,0.0,0.5
64,NC_014328.1.region003,20732.0,20.216911055373338,7.816776795369196,4.0,16.0,19.0,22.0,73.0,20732,20725,20725,sample_1,0_5GB,NC_014328_1,region003,Genome1,0.1834666145816533,4630065,849462.3508430027,123683619.25837344,26.71314965521509,0.0,0.5
2,NC_014328.1.region004,22089.0,24.04373217438544,38.57424023752294,5.0,18.0,21.0,24.0,855.0,22089,22066,22066,sample_3,0_5GB,NC_014328_1,region004,Genome1,0.1924767315,4630065,891179.7778325474,128538906.6522138,27.76179311785338,0.0,0.5
18,NC_014328.1.region004,22089.0,23.888994522160356,39.99923816198128,9.0,17.0,20.0,24.0,844.0,22089,22066,22066,sample_0,0_5GB,NC_014328_1,region004,Genome1,0.196109713919611,4630065,908000.7225792035,136423663.1713573,29.464740380827763,0.0,0.5
34,NC_014328.1.region004,22089.0,19.506451174792883,31.801675793024607,4.0,14.0,17.0,20.0,704.0,22089,22066,22066,sample_2,0_5GB,NC_014328_1,region004,Genome1,0.1623424762837657,4630065,751656.2174547936,114951447.28550915,24.827177865863472,0.0,0.5
50,NC_014328.1.region004,22089.0,29.363710444112453,51.11546836373148,10.0,22.0,25.0,29.0,1156.0,22089,22066,22066,sample_4,0_5GB,NC_014328_1,region004,Genome1,0.2490202433,4630065,1152979.9127948144,163698912.16467077,35.35564018316606,0.0,0.5
66,NC_014328.1.region004,22089.0,21.969079632396216,36.874004741901295,7.0,16.0,19.0,22.0,841.0,22089,22066,22066,sample_1,0_5GB,NC_014328_1,region004,Genome1,0.1834666145816533,4630065,849462.3508430027,123683619.25837344,26.71314965521509,0.0,0.5
1,NC_014328.1.region005,21571.0,23.56033563580733,38.46430602972328,6.0,17.0,20.0,23.0,855.0,21571,21570,21570,sample_3,0_5GB,NC_014328_1,region005,Genome1,0.1924767315,4630065,891179.7778325474,128538906.6522138,27.76179311785338,0.0,0.5
17,NC_014328.1.region005,21571.0,23.050577163784716,38.86750303087505,7.0,16.0,20.0,23.0,844.0,21571,21570,21570,sample_0,0_5GB,NC_014328_1,region005,Genome1,0.196109713919611,4630065,908000.7225792035,136423663.1713573,29.464740380827763,0.0,0.5
33,NC_014328.1.region005,21571.0,19.081359232302628,31.77364178400382,6.0,13.0,17.0,19.0,704.0,21571,21570,21570,sample_2,0_5GB,NC_014328_1,region005,Genome1,0.1623424762837657,4630065,751656.2174547936,114951447.28550915,24.827177865863472,0.0,0.5
49,NC_014328.1.region005,21571.0,31.549719530851608,50.55117872197484,8.0,23.0,28.0,31.0,1156.0,21571,21570,21570,sample_4,0_5GB,NC_014328_1,region005,Genome1,0.2490202433,4630065,1152979.9127948144,163698912.16467077,35.35564018316606,0.0,0.5
65,NC_014328.1.region005,21571.0,22.119605025265404,36.13519238689527,5.0,16.0,19.0,22.0,841.0,21571,21570,21570,sample_1,0_5GB,NC_014328_1,region005,Genome1,0.1834666145816533,4630065,849462.3508430027,123683619.25837344,26.71314965521509,0.0,0.5
11,NZ_CP020566.1.region001,21701.0,45.53467582139072,16.959103908110258,19.0,36.0,41.0,47.0,150.0,21701,21701,21701,sample_3,0_5GB,NZ_CP020566_1,region001,Genome2,0.170726159,2071952,353736.406592368,51021008.41768599,24.624609265893223,0.0,0.5
27,NZ_CP020566.1.region001,21701.0,66.56052716464679,17.225682448967433,36.0,56.0,63.0,71.0,165.0,21701,21701,21701,sample_0,0_5GB,NZ_CP020566_1,region001,Genome2,0.2644535147264453,2071952,547934.9887444878,82325152.92713219,39.73313712244887,0.0,0.5
43,NZ_CP020566.1.region001,21701.0,48.71512833509976,18.49408041221403,22.0,39.0,43.0,50.0,178.0,21701,21701,21701,sample_2,0_5GB,NZ_CP020566_1,region001,Genome2,0.1862711003813729,2071952,385944.7789773864,59022874.93338631,28.486603421983865,0.0,0.5
59,NZ_CP020566.1.region001,21701.0,39.342933505368414,16.354770564690153,16.0,30.0,35.0,40.0,147.0,21701,21701,21701,sample_4,0_5GB,NZ_CP020566_1,region001,Genome2,0.1475057501,2071952,305624.8339311952,43392302.23341132,20.9427159670742,0.0,0.5
75,NZ_CP020566.1.region001,21701.0,77.56610294456476,14.260735991836048,44.0,69.0,75.0,83.0,158.0,21701,21701,21701,sample_1,0_5GB,NZ_CP020566_1,region001,Genome2,0.3140130653685987,2071952,650619.9988165988,94731727.82249442,45.72100503413903,0.0,0.5
10,NZ_CP053893.1.region001,21541.0,18.581542175386478,4.753789580387765,7.0,15.0,18.0,22.0,63.0,21541,21538,21538,sample_3,0_5GB,NZ_CP053893_1,region001,Genome3,0.2292927369,5984367,1372171.8880440425,197914583.13501635,33.07193277668571,0.0,0.5
26,NZ_CP053893.1.region001,21541.0,16.239450350494405,4.747373388485427,4.0,13.0,16.0,19.0,69.0,21541,21538,21538,sample_0,0_5GB,NZ_CP053893_1,region001,Genome3,0.1908513089190851,5984367,1142124.2750021785,171599838.54433173,28.67468498244371,0.0,0.5
42,NZ_CP053893.1.region001,21541.0,15.7105519706606,4.234252005195716,4.0,13.0,16.0,18.0,58.0,21541,21538,21538,sample_2,0_5GB,NZ_CP053893_1,region001,Genome3,0.1986949144801305,5984367,1189063.2892827152,181844495.9850767,30.38658825320651,0.0,0.5
58,NZ_CP053893.1.region001,21541.0,16.46441669374681,4.308883825700782,5.0,14.0,16.0,19.0,53.0,21541,21538,21538,sample_4,0_5GB,NZ_CP053893_1,region001,Genome3,0.2066134116,5984367,1236450.4821364572,175549978.47325122,29.334761466542947,0.0,0.5
74,NZ_CP053893.1.region001,21541.0,18.879949863051856,5.197097389776712,7.0,15.0,19.0,23.0,102.0,21541,21538,21538,sample_1,0_5GB,NZ_CP053893_1,region001,Genome3,0.2272579551772742,5984367,1359995.007450359,198018316.55970272,33.08926684471436,0.0,0.5
5,NZ_CP053893.1.region002,19846.0,92.43051496523228,171.30515835172812,3.0,16.0,20.0,29.0,1054.0,19846,19844,19844,sample_3,0_5GB,NZ_CP053893_1,region002,Genome3,0.2292927369,5984367,1372171.8880440425,197914583.13501635,33.07193277668571,0.0,0.5
21,NZ_CP053893.1.region002,19846.0,81.05824851355437,160.13782497080652,3.0,13.0,16.0,22.0,1107.0,19846,19844,19844,sample_0,0_5GB,NZ_CP053893_1,region002,Genome3,0.1908513089190851,5984367,1142124.2750021785,171599838.54433173,28.67468498244371,0.0,0.5
37,NZ_CP053893.1.region002,19846.0,82.3985185931674,158.4826735924085,6.0,15.0,18.0,25.0,1063.0,19846,19844,19844,sample_2,0_5GB,NZ_CP053893_1,region002,Genome3,0.1986949144801305,5984367,1189063.2892827152,181844495.9850767,30.38658825320651,0.0,0.5
53,NZ_CP053893.1.region002,19846.0,87.81406832611106,167.37307528291473,5.0,15.0,18.0,26.0,1085.0,19846,19844,19844,sample_4,0_5GB,NZ_CP053893_1,region002,Genome3,0.2066134116,5984367,1236450.4821364572,175549978.47325122,29.334761466542947,0.0,0.5
69,NZ_CP053893.1.region002,19846.0,91.2733044442205,168.31579780344288,6.0,16.0,20.0,27.0,1056.0,19846,19844,19844,sample_1,0_5GB,NZ_CP053893_1,region002,Genome3,0.2272579551772742,5984367,1359995.007450359,198018316.55970272,33.08926684471436,0.0,0.5
9,NZ_CP053893.1.region003,20374.0,19.049033081378223,18.19818417931092,5.0,15.0,18.0,21.0,651.0,20374,20341,20341,sample_3,0_5GB,NZ_CP053893_1,region003,Genome3,0.2292927369,5984367,1372171.8880440425,197914583.13501635,33.07193277668571,0.0,0.5
25,NZ_CP053893.1.region003,20374.0,16.339403160891333,16.09711060622572,5.0,13.0,15.0,18.0,506.0,20374,20341,20341,sample_0,0_5GB,NZ_CP053893_1,region003,Genome3,0.1908513089190851,5984367,1142124.2750021785,171599838.54433173,28.67468498244371,0.0,0.5
41,NZ_CP053893.1.region003,20374.0,17.169382546382643,15.87507131965826,7.0,13.0,16.0,19.0,577.0,20374,20341,20341,sample_2,0_5GB,NZ_CP053893_1,region003,Genome3,0.1986949144801305,5984367,1189063.2892827152,181844495.9850767,30.38658825320651,0.0,0.5
57,NZ_CP053893.1.region003,20374.0,18.239962697555708,16.21904347200222,3.0,14.0,17.0,20.0,566.0,20374,20341,20341,sample_4,0_5GB,NZ_CP053893_1,region003,Genome3,0.2066134116,5984367,1236450.4821364572,175549978.47325122,29.334761466542947,0.0,0.5
73,NZ_CP053893.1.region003,20374.0,20.31604005104545,18.21239839408526,7.0,16.0,19.0,22.0,637.0,20374,20341,20341,sample_1,0_5GB,NZ_CP053893_1,region003,Genome3,0.2272579551772742,5984367,1359995.007450359,198018316.55970272,33.08926684471436,0.0,0.5
7,NZ_CP053893.1.region004,19578.0,20.571253447747477,6.957048670318018,7.0,16.0,19.0,23.0,68.0,19578,19578,19578,sample_3,0_5GB,NZ_CP053893_1,region004,Genome3,0.2292927369,5984367,1372171.8880440425,197914583.13501635,33.07193277668571,0.0,0.5
23,NZ_CP053893.1.region004,19578.0,16.889161303503933,6.452127353725784,4.0,13.0,16.0,19.0,57.0,19578,19578,19578,sample_0,0_5GB,NZ_CP053893_1,region004,Genome3,0.1908513089190851,5984367,1142124.2750021785,171599838.54433173,28.67468498244371,0.0,0.5
39,NZ_CP053893.1.region004,19578.0,18.27117172336296,6.683939307070757,4.0,14.0,17.0,20.0,66.0,19578,19578,19578,sample_2,0_5GB,NZ_CP053893_1,region004,Genome3,0.1986949144801305,5984367,1189063.2892827152,181844495.9850767,30.38658825320651,0.0,0.5
55,NZ_CP053893.1.region004,19578.0,17.971089998978446,6.570810042574178,3.0,14.0,17.0,21.0,65.0,19578,19578,19578,sample_4,0_5GB,NZ_CP053893_1,region004,Genome3,0.2066134116,5984367,1236450.4821364572,175549978.47325122,29.334761466542947,0.0,0.5
71,NZ_CP053893.1.region004,19578.0,19.98906936357136,7.616999283422717,5.0,16.0,19.0,22.0,71.0,19578,19578,19578,sample_1,0_5GB,NZ_CP053893_1,region004,Genome3,0.2272579551772742,5984367,1359995.007450359,198018316.55970272,33.08926684471436,0.0,0.5
6,NZ_CP053893.1.region005,66020.0,18.576552559830358,4.916008062400551,6.0,15.0,18.0,21.0,92.0,66020,65902,65902,sample_3,0_5GB,NZ_CP053893_1,region005,Genome3,0.2292927369,5984367,1372171.8880440425,197914583.13501635,33.07193277668571,0.0,0.5
22,NZ_CP053893.1.region005,66020.0,15.762890033323236,4.524628408648632,4.0,13.0,16.0,18.0,92.0,66020,65902,65902,sample_0,0_5GB,NZ_CP053893_1,region005,Genome3,0.1908513089190851,5984367,1142124.2750021785,171599838.54433173,28.67468498244371,0.0,0.5
38,NZ_CP053893.1.region005,66020.0,16.49547106937292,4.423312719980047,5.0,13.0,16.0,19.0,80.0,66020,65902,65902,sample_2,0_5GB,NZ_CP053893_1,region005,Genome3,0.1986949144801305,5984367,1189063.2892827152,181844495.9850767,30.38658825320651,0.0,0.5
54,NZ_CP053893.1.region005,66020.0,16.75271129960618,5.001535329306722,4.0,13.0,16.0,20.0,88.0,66020,65902,65902,sample_4,0_5GB,NZ_CP053893_1,region005,Genome3,0.2066134116,5984367,1236450.4821364572,175549978.47325122,29.334761466542947,0.0,0.5
70,NZ_CP053893.1.region005,66020.0,18.00122690093911,5.001353821807789,1.0,15.0,18.0,21.0,91.0,66020,65902,65902,sample_1,0_5GB,NZ_CP053893_1,region005,Genome3,0.2272579551772742,5984367,1359995.007450359,198018316.55970272,33.08926684471436,0.0,0.5
8,NZ_CP053893.1.region006,20740.0,23.042864030858244,8.651669548809668,7.0,17.0,21.0,28.0,57.0,20740,20740,20740,sample_3,0_5GB,NZ_CP053893_1,region006,Genome3,0.2292927369,5984367,1372171.8880440425,197914583.13501635,33.07193277668571,0.0,0.5
24,NZ_CP053893.1.region006,20740.0,19.027000964320155,8.885085029339368,3.0,13.0,16.0,24.0,67.0,20740,20740,20740,sample_0,0_5GB,NZ_CP053893_1,region006,Genome3,0.1908513089190851,5984367,1142124.2750021785,171599838.54433173,28.67468498244371,0.0,0.5
40,NZ_CP053893.1.region006,20740.0,20.16171648987464,8.01704390978362,6.0,14.0,18.0,25.0,67.0,20740,20740,20740,sample_2,0_5GB,NZ_CP053893_1,region006,Genome3,0.1986949144801305,5984367,1189063.2892827152,181844495.9850767,30.38658825320651,0.0,0.5
56,NZ_CP053893.1.region006,20740.0,20.81832208293153,8.053300901674836,7.0,15.0,19.0,25.0,60.0,20740,20740,20740,sample_4,0_5GB,NZ_CP053893_1,region006,Genome3,0.2066134116,5984367,1236450.4821364572,175549978.47325122,29.334761466542947,0.0,0.5
72,NZ_CP053893.1.region006,20740.0,22.20867888138862,9.680868598853326,7.0,15.0,19.0,28.0,57.0,20740,20740,20740,sample_1,0_5GB,NZ_CP053893_1,region006,Genome3,0.2272579551772742,5984367,1359995.007450359,198018316.55970272,33.08926684471436,0.0,0.5
15,NZ_LT906445.1.region001,21700.0,48.40391705069124,16.07019297392093,24.0,39.0,44.0,50.0,150.0,21700,21700,21700,sample_3,0_5GB,NZ_LT906445_1,region001,Genome4,0.1943086247,2132142,414293.5796851074,59755444.51342087,28.02601539363741,0.0,0.5
31,NZ_LT906445.1.region001,21700.0,52.96225806451613,20.84387493769627,24.0,42.0,47.0,53.0,165.0,21700,21700,21700,sample_0,0_5GB,NZ_LT906445_1,region001,Genome4,0.2008437938200843,2132142,428227.4882431422,64339555.20525798,30.17601792247326,0.0,0.5
47,NZ_LT906445.1.region001,21700.0,52.31769585253456,17.614413442914834,18.0,43.0,48.0,54.0,178.0,21700,21700,21700,sample_2,0_5GB,NZ_LT906445_1,region001,Genome4,0.2059605609794039,2132142,439137.1624077482,67157632.97555414,31.49772997087161,0.0,0.5
63,NZ_LT906445.1.region001,21700.0,45.49617511520737,14.942738581398874,21.0,36.0,42.0,49.0,147.0,21700,21700,21700,sample_4,0_5GB,NZ_LT906445_1,region001,Genome4,0.1814518872,2132142,386881.1896783824,54928996.75399244,25.76235389293604,0.0,0.5
79,NZ_LT906445.1.region001,21700.0,38.8526267281106,24.6577202120811,11.0,27.0,31.0,36.0,158.0,21700,21700,21700,sample_1,0_5GB,NZ_LT906445_1,region001,Genome4,0.1325835834867416,2132142,282687.0268625882,41159863.72445592,19.304466458826813,0.0,0.5
14,NZ_LT906470.1.region001,26313.0,51.16159312887166,12.04602647353718,22.0,45.0,50.0,54.0,152.0,26313,26313,26313,sample_3,0_5GB,NZ_LT906470_1,region001,Genome5,0.2131957479,2041290,435194.3482307911,62770057.28166298,30.750190948695668,0.0,0.5
30,NZ_LT906470.1.region001,26313.0,36.3463687150838,14.256019189736662,15.0,30.0,34.0,39.0,164.0,26313,26313,26313,sample_0,0_5GB,NZ_LT906470_1,region001,Genome5,0.1477416686147741,2041290,301583.59072665224,45311790.15192075,22.197625105654147,0.0,0.5
46,NZ_LT906470.1.region001,26313.0,59.98806673507392,14.149811761474998,31.0,53.0,58.0,63.0,172.0,26313,26313,26313,sample_2,0_5GB,NZ_LT906470_1,region001,Genome5,0.2467309478753269,2041290,503649.4165884261,77023548.8204737,37.7327811435287,0.0,0.5
62,NZ_LT906470.1.region001,26313.0,53.934177022764416,12.34540459819134,33.0,47.0,52.0,58.0,145.0,26313,26313,26313,sample_4,0_5GB,NZ_LT906470_1,region001,Genome5,0.2154087078,2041290,439711.641145062,62429810.37467427,30.58350865123244,0.0,0.5
78,NZ_LT906470.1.region001,26313.0,36.00129213696652,14.077339202546964,13.0,30.0,34.0,38.0,174.0,26313,26313,26313,sample_1,0_5GB,NZ_LT906470_1,region001,Genome5,0.1426787813857321,2041290,291248.76965488103,42406472.63497347,20.77434986453344,0.0,0.5
12,NZ_LT906470.1.region002,32244.0,52.3036533928793,17.179573136138025,29.0,45.0,50.0,55.0,272.0,32244,32242,32242,sample_3,0_5GB,NZ_LT906470_1,region002,Genome5,0.2131957479,2041290,435194.3482307911,62770057.28166298,30.750190948695668,0.0,0.5
28,NZ_LT906470.1.region002,32244.0,37.82700657486664,19.6648334310924,16.0,31.0,35.0,39.0,288.0,32244,32242,32242,sample_0,0_5GB,NZ_LT906470_1,region002,Genome5,0.1477416686147741,2041290,301583.59072665224,45311790.15192075,22.197625105654147,0.0,0.5
44,NZ_LT906470.1.region002,32244.0,59.99367324153331,20.43508144618444,32.0,52.0,58.0,64.0,324.0,32244,32242,32242,sample_2,0_5GB,NZ_LT906470_1,region002,Genome5,0.2467309478753269,2041290,503649.4165884261,77023548.8204737,37.7327811435287,0.0,0.5
60,NZ_LT906470.1.region002,32244.0,53.75182979779184,17.026710893536364,30.0,46.0,52.0,57.0,285.0,32244,32242,32242,sample_4,0_5GB,NZ_LT906470_1,region002,Genome5,0.2154087078,2041290,439711.641145062,62429810.37467427,30.58350865123244,0.0,0.5
76,NZ_LT906470.1.region002,32244.0,36.1469420667411,20.168237437524297,14.0,29.0,33.0,38.0,297.0,32244,32242,32242,sample_1,0_5GB,NZ_LT906470_1,region002,Genome5,0.1426787813857321,2041290,291248.76965488103,42406472.63497347,20.77434986453344,0.0,0.5
13,NZ_LT906470.1.region003,21755.0,51.56543323373937,12.53772757525415,26.0,45.0,50.0,56.0,200.0,21755,21739,21739,sample_3,0_5GB,NZ_LT906470_1,region003,Genome5,0.2131957479,2041290,435194.3482307911,62770057.28166298,30.750190948695668,0.0,0.5
29,NZ_LT906470.1.region003,21755.0,37.09165709032406,12.845685691417293,19.0,31.0,35.0,40.0,165.0,21755,21739,21739,sample_0,0_5GB,NZ_LT906470_1,region003,Genome5,0.1477416686147741,2041290,301583.59072665224,45311790.15192075,22.197625105654147,0.0,0.5
45,NZ_LT906470.1.region003,21755.0,59.78749712709722,12.824270724335282,31.0,53.0,59.0,64.0,217.0,21755,21739,21739,sample_2,0_5GB,NZ_LT906470_1,region003,Genome5,0.2467309478753269,2041290,503649.4165884261,77023548.8204737,37.7327811435287,0.0,0.5
61,NZ_LT906470.1.region003,21755.0,52.083337163870375,11.038845694412393,30.0,46.0,51.0,56.0,183.0,21755,21739,21739,sample_4,0_5GB,NZ_LT906470_1,region003,Genome5,0.2154087078,2041290,439711.641145062,62429810.37467427,30.58350865123244,0.0,0.5
77,NZ_LT906470.1.region003,21755.0,35.31220409101356,12.547428656213745,13.0,29.0,34.0,38.0,158.0,21755,21739,21739,sample_1,0_5GB,NZ_LT906470_1,region003,Genome5,0.1426787813857321,2041290,291248.76965488103,42406472.63497347,20.77434986453344,0.0,0.5
84,NC_014328.1.region001,18132.0,34.953121553055375,19.700851600003755,17.0,30.0,33.0,37.0,1295.0,18132,18086,18086,sample_3,1GB,NC_014328_1,region001,Genome1,0.1593929624159393,4630065,737999.776528356,215481971.7563049,46.53972930321818,0.0,1.0
100,NC_014328.1.region001,18132.0,49.199040370615485,28.438994118671737,23.0,42.0,47.0,52.0,1798.0,18132,18086,18086,sample_0,1GB,NC_014328_1,region001,Genome1,0.2249396940224939,4630065,1041485.404404258,307063311.97718096,66.31943870705507,0.0,1.0
116,NC_014328.1.region001,18132.0,45.73946613721597,25.479096104794685,25.0,39.0,44.0,48.0,1658.0,18132,18086,18086,sample_2,1GB,NC_014328_1,region001,Genome1,0.2061272554,4630065,954382.590773601,278190425.5017745,60.0834816577682,0.0,1.0
132,NC_014328.1.region001,18132.0,28.59188175601147,17.870300291476354,10.0,23.0,27.0,31.0,1108.0,18132,18086,18086,sample_4,1GB,NC_014328_1,region001,Genome1,0.1385312765,4630065,641408.8147279725,192225581.1124411,41.516821278414255,0.0,1.0
148,NC_014328.1.region001,18132.0,40.19358041032429,24.009478361052587,19.0,34.0,39.0,43.0,1590.0,18132,18086,18086,sample_1,1GB,NC_014328_1,region001,Genome1,0.1879393914,4630065,870171.598242441,278536072.00977606,60.15813428316364,0.0,1.0
83,NC_014328.1.region002,19021.0,33.96351401083014,12.158194647799435,16.0,28.0,32.0,37.0,125.0,19021,19019,19019,sample_3,1GB,NC_014328_1,region002,Genome1,0.1593929624159393,4630065,737999.776528356,215481971.7563049,46.53972930321818,0.0,1.0
99,NC_014328.1.region002,19021.0,48.22790599863309,14.093515649383184,26.0,41.0,47.0,52.0,147.0,19021,19019,19019,sample_0,1GB,NC_014328_1,region002,Genome1,0.2249396940224939,4630065,1041485.404404258,307063311.97718096,66.31943870705507,0.0,1.0
115,NC_014328.1.region002,19021.0,44.741759108353925,14.222472851201289,23.0,38.0,43.0,48.0,157.0,19021,19019,19019,sample_2,1GB,NC_014328_1,region002,Genome1,0.2061272554,4630065,954382.590773601,278190425.5017745,60.0834816577682,0.0,1.0
131,NC_014328.1.region002,19021.0,29.960622469901686,10.849567645685475,13.0,24.0,28.0,33.0,106.0,19021,19019,19019,sample_4,1GB,NC_014328_1,region002,Genome1,0.1385312765,4630065,641408.8147279725,192225581.1124411,41.516821278414255,0.0,1.0
147,NC_014328.1.region002,19021.0,41.615687923873615,13.994265534903487,20.0,35.0,40.0,44.0,139.0,19021,19019,19019,sample_1,1GB,NC_014328_1,region002,Genome1,0.1879393914,4630065,870171.598242441,278536072.00977606,60.15813428316364,0.0,1.0
80,NC_014328.1.region003,20732.0,35.5422052865136,12.762911282792746,14.0,29.0,33.0,38.0,125.0,20732,20725,20725,sample_3,1GB,NC_014328_1,region003,Genome1,0.1593929624159393,4630065,737999.776528356,215481971.7563049,46.53972930321818,0.0,1.0
96,NC_014328.1.region003,20732.0,48.98263553926297,14.75286705798822,23.0,42.0,46.0,51.0,149.0,20732,20725,20725,sample_0,1GB,NC_014328_1,region003,Genome1,0.2249396940224939,4630065,1041485.404404258,307063311.97718096,66.31943870705507,0.0,1.0
112,NC_014328.1.region003,20732.0,44.97954852402084,14.652950356646976,22.0,38.0,42.0,48.0,161.0,20732,20725,20725,sample_2,1GB,NC_014328_1,region003,Genome1,0.2061272554,4630065,954382.590773601,278190425.5017745,60.0834816577682,0.0,1.0
128,NC_014328.1.region003,20732.0,29.91882114605441,10.89270507618489,13.0,25.0,28.0,32.0,121.0,20732,20725,20725,sample_4,1GB,NC_014328_1,region003,Genome1,0.1385312765,4630065,641408.8147279725,192225581.1124411,41.516821278414255,0.0,1.0
144,NC_014328.1.region003,20732.0,42.64774262010419,14.54992032902396,24.0,36.0,40.0,45.0,146.0,20732,20725,20725,sample_1,1GB,NC_014328_1,region003,Genome1,0.1879393914,4630065,870171.598242441,278536072.00977606,60.15813428316364,0.0,1.0
82,NC_014328.1.region004,22089.0,37.71569559509258,63.35084542812802,14.0,28.0,32.0,37.0,1431.0,22089,22066,22066,sample_3,1GB,NC_014328_1,region004,Genome1,0.1593929624159393,4630065,737999.776528356,215481971.7563049,46.53972930321818,0.0,1.0
98,NC_014328.1.region004,22089.0,53.98768617864095,88.11070746378023,21.0,42.0,47.0,52.0,1979.0,22089,22066,22066,sample_0,1GB,NC_014328_1,region004,Genome1,0.2249396940224939,4630065,1041485.404404258,307063311.97718096,66.31943870705507,0.0,1.0
114,NC_014328.1.region004,22089.0,50.23337407759518,84.62372506636072,23.0,39.0,43.0,48.0,1886.0,22089,22066,22066,sample_2,1GB,NC_014328_1,region004,Genome1,0.2061272554,4630065,954382.590773601,278190425.5017745,60.0834816577682,0.0,1.0
130,NC_014328.1.region004,22089.0,33.86531757888542,57.1695005155512,12.0,25.0,29.0,33.0,1287.0,22089,22066,22066,sample_4,1GB,NC_014328_1,region004,Genome1,0.1385312765,4630065,641408.8147279725,192225581.1124411,41.516821278414255,0.0,1.0
146,NC_014328.1.region004,22089.0,45.33713613110598,75.6889646820986,22.0,34.0,39.0,44.0,1694.0,22089,22066,22066,sample_1,1GB,NC_014328_1,region004,Genome1,0.1879393914,4630065,870171.598242441,278536072.00977606,60.15813428316364,0.0,1.0
81,NC_014328.1.region005,21571.0,38.82972509387604,64.03770605629745,16.0,29.0,33.0,37.0,1431.0,21571,21570,21570,sample_3,1GB,NC_014328_1,region005,Genome1,0.1593929624159393,4630065,737999.776528356,215481971.7563049,46.53972930321818,0.0,1.0
97,NC_014328.1.region005,21571.0,54.95187983867229,88.3979585463565,27.0,43.0,47.0,52.0,1979.0,21571,21570,21570,sample_0,1GB,NC_014328_1,region005,Genome1,0.2249396940224939,4630065,1041485.404404258,307063311.97718096,66.31943870705507,0.0,1.0
113,NC_014328.1.region005,21571.0,49.69055676602847,83.54691853658886,18.0,38.0,42.0,47.0,1886.0,21571,21570,21570,sample_2,1GB,NC_014328_1,region005,Genome1,0.2061272554,4630065,954382.590773601,278190425.5017745,60.0834816577682,0.0,1.0
129,NC_014328.1.region005,21571.0,34.0822400445042,56.966392464993206,11.0,25.0,29.0,33.0,1287.0,21571,21570,21570,sample_4,1GB,NC_014328_1,region005,Genome1,0.1385312765,4630065,641408.8147279725,192225581.1124411,41.516821278414255,0.0,1.0
145,NC_014328.1.region005,21571.0,46.01553010986973,75.60407625689153,14.0,35.0,40.0,45.0,1694.0,21571,21570,21570,sample_1,1GB,NC_014328_1,region005,Genome1,0.1879393914,4630065,870171.598242441,278536072.00977606,60.15813428316364,0.0,1.0
91,NZ_CP020566.1.region001,21701.0,138.74826044882724,29.55624470795513,91.0,123.0,131.0,141.0,305.0,21701,21701,21701,sample_3,1GB,NZ_CP020566_1,region001,Genome2,0.2778285194277828,2071952,575647.3564854334,168078136.81908306,81.12067114444883,0.0,1.0
107,NZ_CP020566.1.region001,21701.0,103.75033408598682,35.31428824684822,59.0,86.0,93.0,103.0,316.0,21701,21701,21701,sample_0,1GB,NZ_CP020566_1,region001,Genome2,0.1936227880193622,2071952,401177.1228822936,118279887.0927796,57.086210053504914,0.0,1.0
123,NZ_CP020566.1.region001,21701.0,115.408875167043,30.267968385206835,78.0,99.0,106.0,115.0,281.0,21701,21701,21701,sample_2,1GB,NZ_CP020566_1,region001,Genome2,0.2256900722,2071952,467618.9964749344,136305008.97614768,65.78579473662889,0.0,1.0
139,NZ_CP020566.1.region001,21701.0,133.20800884751856,31.31838511888081,85.0,116.0,124.0,136.0,321.0,21701,21701,21701,sample_4,1GB,NZ_CP020566_1,region001,Genome2,0.2657582766,2071952,550638.3927179233,165022342.369763,79.64583270740007,0.0,1.0
155,NZ_CP020566.1.region001,21701.0,107.89945163817336,35.53869222863317,67.0,90.0,97.0,106.0,330.0,21701,21701,21701,sample_1,1GB,NZ_CP020566_1,region001,Genome2,0.2070019875,2071952,428898.1820046,137287421.41088727,66.25994299621192,0.0,1.0
90,NZ_CP053893.1.region001,21541.0,37.99090107237361,6.83674264411824,18.0,33.0,38.0,42.0,195.0,21541,21538,21538,sample_3,1GB,NZ_CP053893_1,region001,Genome3,0.2399140586239914,5984367,1435733.7752654797,419207098.2279519,70.05036593309734,0.0,1.0
106,NZ_CP053893.1.region001,21541.0,30.67954133977067,5.946156088734089,15.0,27.0,31.0,34.0,104.0,21541,21538,21538,sample_0,1GB,NZ_CP053893_1,region001,Genome3,0.188070841718807,5984367,1125484.938844252,331829069.7502721,55.44931815683632,0.0,1.0
122,NZ_CP053893.1.region001,21541.0,34.9474490506476,6.40903245045902,16.0,31.0,35.0,39.0,135.0,21541,21538,21538,sample_2,1GB,NZ_CP053893_1,region001,Genome3,0.2109688658,5984367,1262515.1185209486,368007150.821009,61.49474970719695,0.0,1.0
138,NZ_CP053893.1.region001,21541.0,37.95947263358247,7.082356815999396,20.0,33.0,38.0,42.0,168.0,21541,21538,21538,sample_4,1GB,NZ_CP053893_1,region001,Genome3,0.2311722165,5984367,1383419.3837394556,414600780.1191737,69.28064072928242,0.0,1.0
154,NZ_CP053893.1.region001,21541.0,24.15208207604104,5.238338860427329,10.0,21.0,24.0,27.0,131.0,21541,21538,21538,sample_1,1GB,NZ_CP053893_1,region001,Genome3,0.1444870975,5984367,864663.8182047824,276773068.68918747,46.24934745632871,0.0,1.0
85,NZ_CP053893.1.region002,19846.0,191.4344452282576,347.61139037831964,21.0,35.0,40.0,52.0,2131.0,19846,19844,19844,sample_3,1GB,NZ_CP053893_1,region002,Genome3,0.2399140586239914,5984367,1435733.7752654797,419207098.2279519,70.05036593309734,0.0,1.0
101,NZ_CP053893.1.region002,19846.0,162.57684168094326,319.24733355295734,16.0,27.0,32.0,43.0,2046.0,19846,19844,19844,sample_0,1GB,NZ_CP053893_1,region002,Genome3,0.188070841718807,5984367,1125484.938844252,331829069.7502721,55.44931815683632,0.0,1.0
117,NZ_CP053893.1.region002,19846.0,174.85442910410157,333.7288098755907,17.0,30.0,35.0,45.0,2102.0,19846,19844,19844,sample_2,1GB,NZ_CP053893_1,region002,Genome3,0.2109688658,5984367,1262515.1185209486,368007150.821009,61.49474970719695,0.0,1.0
133,NZ_CP053893.1.region002,19846.0,182.0241358460143,333.49352533536694,19.0,35.0,40.0,49.0,2076.0,19846,19844,19844,sample_4,1GB,NZ_CP053893_1,region002,Genome3,0.2311722165,5984367,1383419.3837394556,414600780.1191737,69.28064072928242,0.0,1.0
149,NZ_CP053893.1.region002,19846.0,135.3492895293762,293.66759923811514,10.0,21.0,25.0,36.0,2064.0,19846,19844,19844,sample_1,1GB,NZ_CP053893_1,region002,Genome3,0.1444870975,5984367,864663.8182047824,276773068.68918747,46.24934745632871,0.0,1.0
89,NZ_CP053893.1.region003,20374.0,40.72224403651713,37.48852025992458,20.0,34.0,38.0,42.0,1303.0,20374,20341,20341,sample_3,1GB,NZ_CP053893_1,region003,Genome3,0.2399140586239914,5984367,1435733.7752654797,419207098.2279519,70.05036593309734,0.0,1.0
105,NZ_CP053893.1.region003,20374.0,32.3250220869736,30.4950738073776,13.0,26.0,29.0,34.0,980.0,20374,20341,20341,sample_0,1GB,NZ_CP053893_1,region003,Genome3,0.188070841718807,5984367,1125484.938844252,331829069.7502721,55.44931815683632,0.0,1.0
121,NZ_CP053893.1.region003,20374.0,35.00613527044272,33.44685932077901,16.0,29.0,33.0,37.0,1171.0,20374,20341,20341,sample_2,1GB,NZ_CP053893_1,region003,Genome3,0.2109688658,5984367,1262515.1185209486,368007150.821009,61.49474970719695,0.0,1.0
137,NZ_CP053893.1.region003,20374.0,38.84490036320801,36.56791869680449,22.0,32.0,36.0,40.0,1319.0,20374,20341,20341,sample_4,1GB,NZ_CP053893_1,region003,Genome3,0.2311722165,5984367,1383419.3837394556,414600780.1191737,69.28064072928242,0.0,1.0
153,NZ_CP053893.1.region003,20374.0,24.611072936095024,22.27152704677864,8.0,20.0,23.0,26.0,792.0,20374,20341,20341,sample_1,1GB,NZ_CP053893_1,region003,Genome3,0.1444870975,5984367,864663.8182047824,276773068.68918747,46.24934745632871,0.0,1.0
87,NZ_CP053893.1.region004,19578.0,41.98799673102462,14.156067508026938,19.0,34.0,39.0,44.0,138.0,19578,19578,19578,sample_3,1GB,NZ_CP053893_1,region004,Genome3,0.2399140586239914,5984367,1435733.7752654797,419207098.2279519,70.05036593309734,0.0,1.0
103,NZ_CP053893.1.region004,19578.0,34.091633466135455,12.04874998642877,15.0,27.0,32.0,36.0,133.0,19578,19578,19578,sample_0,1GB,NZ_CP053893_1,region004,Genome3,0.188070841718807,5984367,1125484.938844252,331829069.7502721,55.44931815683632,0.0,1.0
119,NZ_CP053893.1.region004,19578.0,37.40264582694861,12.784237719666743,15.0,30.0,35.0,41.0,129.0,19578,19578,19578,sample_2,1GB,NZ_CP053893_1,region004,Genome3,0.2109688658,5984367,1262515.1185209486,368007150.821009,61.49474970719695,0.0,1.0
135,NZ_CP053893.1.region004,19578.0,39.68674021861273,11.76467201733137,19.0,33.0,37.0,42.0,129.0,19578,19578,19578,sample_4,1GB,NZ_CP053893_1,region004,Genome3,0.2311722165,5984367,1383419.3837394556,414600780.1191737,69.28064072928242,0.0,1.0
151,NZ_CP053893.1.region004,19578.0,24.667177444069875,8.441818909075463,9.0,20.0,23.0,27.0,91.0,19578,19578,19578,sample_1,1GB,NZ_CP053893_1,region004,Genome3,0.1444870975,5984367,864663.8182047824,276773068.68918747,46.24934745632871,0.0,1.0
86,NZ_CP053893.1.region005,66020.0,39.179809148742805,7.457558497621293,18.0,35.0,39.0,43.0,210.0,66020,65902,65902,sample_3,1GB,NZ_CP053893_1,region005,Genome3,0.2399140586239914,5984367,1435733.7752654797,419207098.2279519,70.05036593309734,0.0,1.0
102,NZ_CP053893.1.region005,66020.0,30.894819751590425,6.6016063075636335,15.0,27.0,31.0,35.0,164.0,66020,65902,65902,sample_0,1GB,NZ_CP053893_1,region005,Genome3,0.188070841718807,5984367,1125484.938844252,331829069.7502721,55.44931815683632,0.0,1.0
118,NZ_CP053893.1.region005,66020.0,34.009103302029686,7.305145126587297,15.0,29.0,33.0,38.0,185.0,66020,65902,65902,sample_2,1GB,NZ_CP053893_1,region005,Genome3,0.2109688658,5984367,1262515.1185209486,368007150.821009,61.49474970719695,0.0,1.0
134,NZ_CP053893.1.region005,66020.0,36.64704634959103,7.38291212315329,16.0,32.0,36.0,41.0,211.0,66020,65902,65902,sample_4,1GB,NZ_CP053893_1,region005,Genome3,0.2311722165,5984367,1383419.3837394556,414600780.1191737,69.28064072928242,0.0,1.0
150,NZ_CP053893.1.region005,66020.0,23.820387761284454,5.791962519114626,9.0,20.0,24.0,27.0,143.0,66020,65902,65902,sample_1,1GB,NZ_CP053893_1,region005,Genome3,0.1444870975,5984367,864663.8182047824,276773068.68918747,46.24934745632871,0.0,1.0
88,NZ_CP053893.1.region006,20740.0,49.13640308582449,19.17770133616114,20.0,36.0,42.0,56.0,128.0,20740,20740,20740,sample_3,1GB,NZ_CP053893_1,region006,Genome3,0.2399140586239914,5984367,1435733.7752654797,419207098.2279519,70.05036593309734,0.0,1.0
104,NZ_CP053893.1.region006,20740.0,37.92709739633558,14.14048150481679,16.0,28.0,33.0,44.0,130.0,20740,20740,20740,sample_0,1GB,NZ_CP053893_1,region006,Genome3,0.188070841718807,5984367,1125484.938844252,331829069.7502721,55.44931815683632,0.0,1.0
120,NZ_CP053893.1.region006,20740.0,43.02295081967213,16.63935909677542,19.0,31.0,36.0,54.0,131.0,20740,20740,20740,sample_2,1GB,NZ_CP053893_1,region006,Genome3,0.2109688658,5984367,1262515.1185209486,368007150.821009,61.49474970719695,0.0,1.0
136,NZ_CP053893.1.region006,20740.0,46.92680810028929,17.375898048885695,18.0,35.0,40.0,53.0,113.0,20740,20740,20740,sample_4,1GB,NZ_CP053893_1,region006,Genome3,0.2311722165,5984367,1383419.3837394556,414600780.1191737,69.28064072928242,0.0,1.0
152,NZ_CP053893.1.region006,20740.0,29.711475409836066,11.66924358758448,7.0,22.0,25.0,34.0,134.0,20740,20740,20740,sample_1,1GB,NZ_CP053893_1,region006,Genome3,0.1444870975,5984367,864663.8182047824,276773068.68918747,46.24934745632871,0.0,1.0
95,NZ_LT906445.1.region001,21700.0,96.1505069124424,42.719083123112426,49.0,76.0,82.0,91.0,305.0,21700,21700,21700,sample_3,1GB,NZ_LT906445_1,region001,Genome4,0.1809376495180937,2132142,385784.76191880734,112641851.41471678,52.8303703105688,0.0,1.0
111,NZ_LT906445.1.region001,21700.0,111.96778801843318,32.78119128186717,73.0,94.0,102.0,113.0,316.0,21700,21700,21700,sample_0,1GB,NZ_LT906445_1,region001,Genome4,0.2271628152227162,2132142,484343.37917459256,142799967.7332414,66.97488616294854,0.0,1.0
127,NZ_LT906445.1.region001,21700.0,97.40963133640552,35.96830114003652,59.0,79.0,86.0,94.0,281.0,21700,21700,21700,sample_2,1GB,NZ_LT906445_1,region001,Genome4,0.1869773267,2132142,398662.2113047914,116204980.3365147,54.50152022544216,0.0,1.0
143,NZ_LT906445.1.region001,21700.0,101.36953917050693,41.18163632208321,60.0,81.0,88.0,97.0,321.0,21700,21700,21700,sample_4,1GB,NZ_LT906445_1,region001,Genome4,0.1888315157,2132142,402615.6055476294,120660984.01555882,56.59143903903156,0.0,1.0
159,NZ_LT906445.1.region001,21700.0,111.54769585253456,34.90020774190706,68.0,94.0,101.0,111.0,330.0,21700,21700,21700,sample_1,1GB,NZ_LT906445_1,region001,Genome4,0.2222932399,2132142,473960.7531068658,151711647.1323861,71.15456997347555,0.0,1.0
94,NZ_LT906470.1.region001,26313.0,71.26416600159617,26.982416590005496,45.0,61.0,67.0,73.0,310.0,26313,26313,26313,sample_3,1GB,NZ_LT906470_1,region001,Genome5,0.1419268100141926,2041290,289713.7780138712,84590941.78194338,41.43994326232107,0.0,1.0
110,NZ_LT906470.1.region001,26313.0,82.70862311405008,25.24019683431158,47.0,72.0,79.0,86.0,300.0,26313,26313,26313,sample_0,1GB,NZ_LT906470_1,region001,Genome5,0.1662038610166204,2041290,339270.27945461706,100027763.44652586,49.00223067105892,0.0,1.0
126,NZ_LT906470.1.region001,26313.0,84.79386614981188,25.662266322663577,50.0,74.0,81.0,88.0,313.0,26313,26313,26313,sample_2,1GB,NZ_LT906470_1,region001,Genome5,0.1702364799,2041290,347502.024055071,101292434.36455408,49.621775624509056,0.0,1.0
142,NZ_LT906470.1.region001,26313.0,87.21688899023296,26.15005929321709,49.0,77.0,84.0,90.0,318.0,26313,26313,26313,sample_4,1GB,NZ_LT906470_1,region001,Genome5,0.1757067147,2041290,358668.359649963,107490312.38306332,52.65803113867374,0.0,1.0
158,NZ_LT906470.1.region001,26313.0,115.95564929882568,27.27824660820561,80.0,105.0,112.0,119.0,362.0,26313,26313,26313,sample_1,1GB,NZ_LT906470_1,region001,Genome5,0.2382782837,2041290,486395.077733973,155691790.7577632,76.27127490839773,0.0,1.0
92,NZ_LT906470.1.region002,32244.0,71.26941446470661,39.47786352870335,38.0,59.0,65.0,72.0,591.0,32244,32242,32242,sample_3,1GB,NZ_LT906470_1,region002,Genome5,0.1419268100141926,2041290,289713.7780138712,84590941.78194338,41.43994326232107,0.0,1.0
108,NZ_LT906470.1.region002,32244.0,83.75257412231733,35.79711654024532,48.0,72.0,78.0,85.0,544.0,32244,32242,32242,sample_0,1GB,NZ_LT906470_1,region002,Genome5,0.1662038610166204,2041290,339270.27945461706,100027763.44652586,49.00223067105892,0.0,1.0
124,NZ_LT906470.1.region002,32244.0,85.40398213621138,35.546820642572264,50.0,74.0,80.0,87.0,562.0,32244,32242,32242,sample_2,1GB,NZ_LT906470_1,region002,Genome5,0.1702364799,2041290,347502.024055071,101292434.36455408,49.621775624509056,0.0,1.0
140,NZ_LT906470.1.region002,32244.0,90.08255799528594,38.24476408992395,41.0,78.0,85.0,92.0,585.0,32244,32242,32242,sample_4,1GB,NZ_LT906470_1,region002,Genome5,0.1757067147,2041290,358668.359649963,107490312.38306332,52.65803113867374,0.0,1.0
156,NZ_LT906470.1.region002,32244.0,117.45388289294132,40.35764054455016,68.0,103.0,112.0,121.0,652.0,32244,32242,32242,sample_1,1GB,NZ_LT906470_1,region002,Genome5,0.2382782837,2041290,486395.077733973,155691790.7577632,76.27127490839773,0.0,1.0
93,NZ_LT906470.1.region003,21755.0,71.70512525856125,23.997417365230238,44.0,63.0,68.0,74.0,316.0,21755,21739,21739,sample_3,1GB,NZ_LT906470_1,region003,Genome5,0.1419268100141926,2041290,289713.7780138712,84590941.78194338,41.43994326232107,0.0,1.0
109,NZ_LT906470.1.region003,21755.0,82.37807400597563,22.507569075413542,50.0,73.0,80.0,86.0,330.0,21755,21739,21739,sample_0,1GB,NZ_LT906470_1,region003,Genome5,0.1662038610166204,2041290,339270.27945461706,100027763.44652586,49.00223067105892,0.0,1.0
125,NZ_LT906470.1.region003,21755.0,83.6778211905309,21.31261127830352,52.0,75.0,81.0,87.0,316.0,21755,21739,21739,sample_2,1GB,NZ_LT906470_1,region003,Genome5,0.1702364799,2041290,347502.024055071,101292434.36455408,49.621775624509056,0.0,1.0
141,NZ_LT906470.1.region003,21755.0,87.63024592047805,23.612754637785265,59.0,78.0,84.0,91.0,334.0,21755,21739,21739,sample_4,1GB,NZ_LT906470_1,region003,Genome5,0.1757067147,2041290,358668.359649963,107490312.38306332,52.65803113867374,0.0,1.0
157,NZ_LT906470.1.region003,21755.0,114.59007124798896,23.63945752686899,81.0,105.0,112.0,119.0,443.0,21755,21739,21739,sample_1,1GB,NZ_LT906470_1,region003,Genome5,0.2382782837,2041290,486395.077733973,155691790.7577632,76.27127490839773,0.0,1.0
